Delito;SubDelito;Fecha;Hora;Victima;SubVictima;Edad;Genero;Nacionalidad;Provincia;Canton
HOMICIDIO;AJUSTE DE CUENTAS/VENGANZA;1/1/2022;21:00:00 - 23:59:59;PERSONA;OTRO O INDETERMINADO [PERSONA];Mayor de edad;HOMBRE;COSTA RICA;SAN JOSE;ALAJUELITA
HOMICIDIO;AJUSTE DE CUENTAS/VENGANZA;2/1/2022;15:00:00 - 17:59:59;PERSONA;OTRO O INDETERMINADO [PERSONA];Mayor de edad;HOMBRE;COSTA RICA;SAN JOSE;DESAMPARADOS
HOMICIDIO;AJUSTE DE CUENTAS/VENGANZA;2/1/2022;21:00:00 - 23:59:59;PERSONA;OTRO O INDETERMINADO [PERSONA];Mayor de edad;HOMBRE;COSTA RICA;SAN JOSE;TIBÁS
HOMICIDIO;AJUSTE DE CUENTAS/VENGANZA;2/1/2022;18:00:00 - 20:59:59;PERSONA;OTRO O INDETERMINADO [PERSONA];Mayor de edad;HOMBRE;COSTA RICA;LIMON;POCOCÍ
HOMICIDIO;AJUSTE DE CUENTAS/VENGANZA;2/1/2022;18:00:00 - 20:59:59;PERSONA;OTRO O INDETERMINADO [PERSONA];Mayor de edad;HOMBRE;COSTA RICA;LIMON;POCOCÍ
HOMICIDIO;AJUSTE DE CUENTAS/VENGANZA;4/1/2022;18:00:00 - 20:59:59;PERSONA;OTRO O INDETERMINADO [PERSONA];Mayor de edad;HOMBRE;COSTA RICA;GUANACASTE;LA CRUZ
HOMICIDIO;AJUSTE DE CUENTAS/VENGANZA;5/1/2022;00:00:00 - 02:59:59;PERSONA;OTRO O INDETERMINADO [PERSONA];Mayor de edad;HOMBRE;COSTA RICA;SAN JOSE;TIBÁS
HOMICIDIO;AJUSTE DE CUENTAS/VENGANZA;6/1/2022;15:00:00 - 17:59:59;PERSONA;OTRO O INDETERMINADO [PERSONA];Mayor de edad;HOMBRE;COSTA RICA;HEREDIA;HEREDIA
HOMICIDIO;AJUSTE DE CUENTAS/VENGANZA;7/1/2022;06:00:00 - 08:59:59;PERSONA;PEATON [PERSONA];Mayor de edad;HOMBRE;COSTA RICA;PUNTARENAS;GARABITO
HOMICIDIO;AJUSTE DE CUENTAS/VENGANZA;9/1/2022;18:00:00 - 20:59:59;PERSONA;CLIENTE LOCAL COMERCIAL [PERSONA];Mayor de edad;HOMBRE;COSTA RICA;LIMON;GUÁCIMO
HOMICIDIO;AJUSTE DE CUENTAS/VENGANZA;9/1/2022;18:00:00 - 20:59:59;PERSONA;CLIENTE LOCAL COMERCIAL [PERSONA];Mayor de edad;HOMBRE;COSTA RICA;LIMON;GUÁCIMO
HOMICIDIO;AJUSTE DE CUENTAS/VENGANZA;7/1/2022;21:00:00 - 23:59:59;PERSONA;PEATON [PERSONA];Mayor de edad;HOMBRE;COSTA RICA;PUNTARENAS;OSA
HOMICIDIO;AJUSTE DE CUENTAS/VENGANZA;12/1/2022;00:00:00 - 02:59:59;PERSONA;OTRO O INDETERMINADO [PERSONA];Mayor de edad;HOMBRE;COSTA RICA;SAN JOSE;SAN JOSÉ
HOMICIDIO;AJUSTE DE CUENTAS/VENGANZA;13/1/2022;12:00:00 - 14:59:59;PERSONA;CLIENTE LOCAL COMERCIAL [PERSONA];Mayor de edad;HOMBRE;COSTA RICA;HEREDIA;SARAPIQUÍ
HOMICIDIO;AJUSTE DE CUENTAS/VENGANZA;14/1/2022;00:00:00 - 02:59:59;PERSONA;PEATON [PERSONA];Mayor de edad;HOMBRE;COSTA RICA;GUANACASTE;LA CRUZ
HOMICIDIO;AJUSTE DE CUENTAS/VENGANZA;14/1/2022;21:00:00 - 23:59:59;PERSONA;OTRO O INDETERMINADO [PERSONA];Mayor de edad;HOMBRE;COSTA RICA;SAN JOSE;SAN JOSÉ
HOMICIDIO;AJUSTE DE CUENTAS/VENGANZA;15/1/2022;18:00:00 - 20:59:59;PERSONA;PEATON [PERSONA];Mayor de edad;HOMBRE;COSTA RICA;CARTAGO;TURRIALBA
HOMICIDIO;AJUSTE DE CUENTAS/VENGANZA;15/1/2022;21:00:00 - 23:59:59;PERSONA;PEATON [PERSONA];Mayor de edad;HOMBRE;COSTA RICA;PUNTARENAS;PUNTARENAS
HOMICIDIO;AJUSTE DE CUENTAS/VENGANZA;16/1/2022;21:00:00 - 23:59:59;PERSONA;PEATON [PERSONA];Mayor de edad;HOMBRE;COSTA RICA;ALAJUELA;ALAJUELA
HOMICIDIO;AJUSTE DE CUENTAS/VENGANZA;18/1/2022;18:00:00 - 20:59:59;PERSONA;OTRO O INDETERMINADO [PERSONA];Mayor de edad;DESCONOCIDO;COSTA RICA;ALAJUELA;ALAJUELA
HOMICIDIO;AJUSTE DE CUENTAS/VENGANZA;18/1/2022;21:00:00 - 23:59:59;PERSONA;OTRO O INDETERMINADO [PERSONA];Mayor de edad;HOMBRE;COSTA RICA;SAN JOSE;MORAVIA
HOMICIDIO;AJUSTE DE CUENTAS/VENGANZA;19/1/2022;21:00:00 - 23:59:59;PERSONA;PEATON [PERSONA];Mayor de edad;HOMBRE;COSTA RICA;ALAJUELA;ALAJUELA
HOMICIDIO;AJUSTE DE CUENTAS/VENGANZA;22/1/2022;18:00:00 - 20:59:59;PERSONA;OTRO O INDETERMINADO [PERSONA];Mayor de edad;HOMBRE;COSTA RICA;PUNTARENAS;PUNTARENAS
HOMICIDIO;AJUSTE DE CUENTAS/VENGANZA;22/1/2022;18:00:00 - 20:59:59;PERSONA;OTRO O INDETERMINADO [PERSONA];Mayor de edad;HOMBRE;COSTA RICA;PUNTARENAS;PUNTARENAS
HOMICIDIO;AJUSTE DE CUENTAS/VENGANZA;22/1/2022;18:00:00 - 20:59:59;PERSONA;OTRO O INDETERMINADO [PERSONA];Mayor de edad;HOMBRE;COSTA RICA;PUNTARENAS;PUNTARENAS
HOMICIDIO;AJUSTE DE CUENTAS/VENGANZA;24/1/2022;18:00:00 - 20:59:59;PERSONA;OTRO O INDETERMINADO [PERSONA];Mayor de edad;HOMBRE;COSTA RICA;SAN JOSE;DESAMPARADOS
HOMICIDIO;AJUSTE DE CUENTAS/VENGANZA;24/1/2022;18:00:00 - 20:59:59;PERSONA;PEATON [PERSONA];Mayor de edad;HOMBRE;COSTA RICA;LIMON;MATINA
HOMICIDIO;AJUSTE DE CUENTAS/VENGANZA;25/1/2022;09:00:00 - 11:59:59;PERSONA;MENOR DE EDAD [PERSONA];Menor de edad;HOMBRE;COSTA RICA;PUNTARENAS;PUNTARENAS
HOMICIDIO;AJUSTE DE CUENTAS/VENGANZA;26/1/2022;09:00:00 - 11:59:59;PERSONA;PEATON [PERSONA];Mayor de edad;DESCONOCIDO;COSTA RICA;ALAJUELA;ALAJUELA
HOMICIDIO;AJUSTE DE CUENTAS/VENGANZA;26/1/2022;09:00:00 - 11:59:59;PERSONA;OTRO O INDETERMINADO [PERSONA];Mayor de edad;HOMBRE;COSTA RICA;SAN JOSE;ASERRÍ
HOMICIDIO;AJUSTE DE CUENTAS/VENGANZA;19/4/2022;00:00:00 - 02:59:59;PERSONA;OTRO O INDETERMINADO [PERSONA];Mayor de edad;HOMBRE;COSTA RICA;LIMON;GUÁCIMO
HOMICIDIO;AJUSTE DE CUENTAS/VENGANZA;14/5/2022;18:00:00 - 20:59:59;PERSONA;OTRO O INDETERMINADO [PERSONA];Mayor de edad;HOMBRE;COSTA RICA;LIMON;GUÁCIMO
HOMICIDIO;AJUSTE DE CUENTAS/VENGANZA;30/1/2022;03:00:00 - 05:59:59;PERSONA;OTRO O INDETERMINADO [PERSONA];Mayor de edad;HOMBRE;COSTA RICA;LIMON;POCOCÍ
HOMICIDIO;AJUSTE DE CUENTAS/VENGANZA;30/1/2022;03:00:00 - 05:59:59;PERSONA;OTRO O INDETERMINADO [PERSONA];Mayor de edad;HOMBRE;COSTA RICA;LIMON;POCOCÍ
HOMICIDIO;AJUSTE DE CUENTAS/VENGANZA;30/1/2022;03:00:00 - 05:59:59;PERSONA;OTRO O INDETERMINADO [PERSONA];Mayor de edad;HOMBRE;COSTA RICA;LIMON;POCOCÍ
HOMICIDIO;AJUSTE DE CUENTAS/VENGANZA;30/1/2022;09:00:00 - 11:59:59;PERSONA;OTRO O INDETERMINADO [PERSONA];Mayor de edad;HOMBRE;COSTA RICA;ALAJUELA;Valverde Vega
HOMICIDIO;AJUSTE DE CUENTAS/VENGANZA;31/1/2022;21:00:00 - 23:59:59;PERSONA;OTRO O INDETERMINADO [PERSONA];Mayor de edad;HOMBRE;COSTA RICA;LIMON;POCOCÍ
HOMICIDIO;AJUSTE DE CUENTAS/VENGANZA;29/1/2022;00:00:00 - 02:59:59;PERSONA;OTRO O INDETERMINADO [PERSONA];Mayor de edad;HOMBRE;COSTA RICA;ALAJUELA;ALAJUELA
HOMICIDIO;AJUSTE DE CUENTAS/VENGANZA;2/2/2022;18:00:00 - 20:59:59;PERSONA;PEATON [PERSONA];Mayor de edad;HOMBRE;COSTA RICA;ALAJUELA;ALAJUELA
HOMICIDIO;AJUSTE DE CUENTAS/VENGANZA;3/2/2022;06:00:00 - 08:59:59;PERSONA;OTRO O INDETERMINADO [PERSONA];Mayor de edad;HOMBRE;COSTA RICA;LIMON;POCOCÍ
HOMICIDIO;AJUSTE DE CUENTAS/VENGANZA;6/2/2022;03:00:00 - 05:59:59;PERSONA;PEATON [PERSONA];Mayor de edad;HOMBRE;COSTA RICA;PUNTARENAS;CORREDORES
HOMICIDIO;AJUSTE DE CUENTAS/VENGANZA;27/1/2022;21:00:00 - 23:59:59;PERSONA;OTRO O INDETERMINADO [PERSONA];Mayor de edad;DESCONOCIDO;Desconocido;SAN JOSE;GOICOECHEA
HOMICIDIO;AJUSTE DE CUENTAS/VENGANZA;6/2/2022;09:00:00 - 11:59:59;PERSONA;PEATON [PERSONA];Mayor de edad;HOMBRE;COSTA RICA;LIMON;MATINA
HOMICIDIO;AJUSTE DE CUENTAS/VENGANZA;7/2/2022;18:00:00 - 20:59:59;PERSONA;PEATON [PERSONA];Mayor de edad;DESCONOCIDO;COSTA RICA;ALAJUELA;SAN CARLOS
HOMICIDIO;AJUSTE DE CUENTAS/VENGANZA;8/2/2022;21:00:00 - 23:59:59;PERSONA;OTRO O INDETERMINADO [PERSONA];Mayor de edad;HOMBRE;COSTA RICA;HEREDIA;SANTO DOMINGO
HOMICIDIO;AJUSTE DE CUENTAS/VENGANZA;10/2/2022;12:00:00 - 14:59:59;PERSONA;OTRO O INDETERMINADO [PERSONA];Mayor de edad;HOMBRE;COSTA RICA;SAN JOSE;ESCAZÚ
HOMICIDIO;AJUSTE DE CUENTAS/VENGANZA;10/2/2022;00:00:00 - 02:59:59;PERSONA;PEATON [PERSONA];Mayor de edad;HOMBRE;NICARAGUA;SAN JOSE;SAN JOSÉ
HOMICIDIO;AJUSTE DE CUENTAS/VENGANZA;10/2/2022;18:00:00 - 20:59:59;PERSONA;OTRO O INDETERMINADO [PERSONA];Mayor de edad;HOMBRE;COSTA RICA;SAN JOSE;SAN JOSÉ
HOMICIDIO;AJUSTE DE CUENTAS/VENGANZA;29/5/2022;18:00:00 - 20:59:59;PERSONA;OTRO O INDETERMINADO [PERSONA];Mayor de edad;HOMBRE;COSTA RICA;LIMON;GUÁCIMO
HOMICIDIO;AJUSTE DE CUENTAS/VENGANZA;13/2/2022;09:00:00 - 11:59:59;PERSONA;PEATON [PERSONA];Mayor de edad;HOMBRE;COSTA RICA;LIMON;MATINA
HOMICIDIO;AJUSTE DE CUENTAS/VENGANZA;11/2/2022;09:00:00 - 11:59:59;PERSONA;OTRO O INDETERMINADO [PERSONA];Mayor de edad;HOMBRE;JAMAICA;ALAJUELA;ATENAS
HOMICIDIO;AJUSTE DE CUENTAS/VENGANZA;27/5/2022;21:00:00 - 23:59:59;PERSONA;OTRO O INDETERMINADO [PERSONA];Mayor de edad;DESCONOCIDO;Desconocido;LIMON;GUÁCIMO
HOMICIDIO;AJUSTE DE CUENTAS/VENGANZA;14/6/2022;00:00:00 - 02:59:59;PERSONA;OTRO O INDETERMINADO [PERSONA];Desconocido;HOMBRE;Desconocido;LIMON;GUÁCIMO
HOMICIDIO;AJUSTE DE CUENTAS/VENGANZA;17/2/2022;18:00:00 - 20:59:59;PERSONA;PEATON [PERSONA];Mayor de edad;HOMBRE;COSTA RICA;LIMON;MATINA
HOMICIDIO;AJUSTE DE CUENTAS/VENGANZA;19/2/2022;09:00:00 - 11:59:59;PERSONA;OTRO O INDETERMINADO [PERSONA];Mayor de edad;HOMBRE;COSTA RICA;HEREDIA;SARAPIQUÍ
HOMICIDIO;AJUSTE DE CUENTAS/VENGANZA;21/2/2022;09:00:00 - 11:59:59;PERSONA;PEATON [PERSONA];Mayor de edad;HOMBRE;PANAMA;PUNTARENAS;CORREDORES
HOMICIDIO;AJUSTE DE CUENTAS/VENGANZA;21/2/2022;18:00:00 - 20:59:59;PERSONA;PEATON [PERSONA];Mayor de edad;HOMBRE;COSTA RICA;GUANACASTE;SANTA CRUZ
HOMICIDIO;AJUSTE DE CUENTAS/VENGANZA;21/2/2022;18:00:00 - 20:59:59;PERSONA;PEATON [PERSONA];Mayor de edad;HOMBRE;NICARAGUA;GUANACASTE;SANTA CRUZ
HOMICIDIO;AJUSTE DE CUENTAS/VENGANZA;13/2/2022;00:00:00 - 02:59:59;PERSONA;OTRO O INDETERMINADO [PERSONA];Menor de edad;HOMBRE;COSTA RICA;ALAJUELA;ATENAS
HOMICIDIO;AJUSTE DE CUENTAS/VENGANZA;20/2/2022;18:00:00 - 20:59:59;PERSONA;PEATON [PERSONA];Mayor de edad;HOMBRE;COSTA RICA;SAN JOSE;GOICOECHEA
HOMICIDIO;AJUSTE DE CUENTAS/VENGANZA;26/6/2022;00:00:00 - 02:59:59;PERSONA;CLIENTE LOCAL COMERCIAL [PERSONA];Mayor de edad;HOMBRE;COSTA RICA;LIMON;GUÁCIMO
HOMICIDIO;AJUSTE DE CUENTAS/VENGANZA;26/6/2022;00:00:00 - 02:59:59;PERSONA;CLIENTE LOCAL COMERCIAL [PERSONA];Mayor de edad;HOMBRE;COSTA RICA;LIMON;GUÁCIMO
HOMICIDIO;AJUSTE DE CUENTAS/VENGANZA;23/2/2022;18:00:00 - 20:59:59;PERSONA;OTRO O INDETERMINADO [PERSONA];Mayor de edad;HOMBRE;COSTA RICA;SAN JOSE;SAN JOSÉ
HOMICIDIO;AJUSTE DE CUENTAS/VENGANZA;23/2/2022;03:00:00 - 05:59:59;PERSONA;PEATON [PERSONA];Mayor de edad;HOMBRE;PANAMA;PUNTARENAS;CORREDORES
HOMICIDIO;AJUSTE DE CUENTAS/VENGANZA;24/2/2022;18:00:00 - 20:59:59;PERSONA;OTRO O INDETERMINADO [PERSONA];Mayor de edad;HOMBRE;COSTA RICA;PUNTARENAS;MONTES DE ORO
HOMICIDIO;AJUSTE DE CUENTAS/VENGANZA;3/10/2022;18:00:00 - 20:59:59;PERSONA;OTRO O INDETERMINADO [PERSONA];Mayor de edad;HOMBRE;Desconocido;LIMON;GUÁCIMO
HOMICIDIO;AJUSTE DE CUENTAS/VENGANZA;25/2/2022;21:00:00 - 23:59:59;PERSONA;CLIENTE LOCAL COMERCIAL [PERSONA];Mayor de edad;HOMBRE;COSTA RICA;LIMON;POCOCÍ
HOMICIDIO;AJUSTE DE CUENTAS/VENGANZA;26/2/2022;15:00:00 - 17:59:59;PERSONA;OTRO O INDETERMINADO [PERSONA];Mayor de edad;HOMBRE;COSTA RICA;SAN JOSE;TIBÁS
HOMICIDIO;AJUSTE DE CUENTAS/VENGANZA;27/2/2022;03:00:00 - 05:59:59;PERSONA;OTRO O INDETERMINADO [PERSONA];Mayor de edad;HOMBRE;COSTA RICA;SAN JOSE;SAN JOSÉ
HOMICIDIO;AJUSTE DE CUENTAS/VENGANZA;27/2/2022;03:00:00 - 05:59:59;PERSONA;OTRO O INDETERMINADO [PERSONA];Mayor de edad;MUJER;COSTA RICA;SAN JOSE;SAN JOSÉ
HOMICIDIO;AJUSTE DE CUENTAS/VENGANZA;27/2/2022;18:00:00 - 20:59:59;PERSONA;PEATON [PERSONA];Mayor de edad;HOMBRE;NICARAGUA;LIMON;MATINA
HOMICIDIO;AJUSTE DE CUENTAS/VENGANZA;27/2/2022;18:00:00 - 20:59:59;PERSONA;PEATON [PERSONA];Mayor de edad;HOMBRE;COSTA RICA;PUNTARENAS;OSA
HOMICIDIO;AJUSTE DE CUENTAS/VENGANZA;2/3/2022;09:00:00 - 11:59:59;PERSONA;PEATON [PERSONA];Mayor de edad;HOMBRE;NICARAGUA;PUNTARENAS;CORREDORES
HOMICIDIO;AJUSTE DE CUENTAS/VENGANZA;9/10/2022;15:00:00 - 17:59:59;PERSONA;OTRO O INDETERMINADO [PERSONA];Mayor de edad;DESCONOCIDO;Desconocido;LIMON;GUÁCIMO
HOMICIDIO;AJUSTE DE CUENTAS/VENGANZA;2/3/2022;21:00:00 - 23:59:59;PERSONA;PEATON [PERSONA];Mayor de edad;HOMBRE;COSTA RICA;ALAJUELA;NARANJO
HOMICIDIO;DISCUSION/RI&#209;19/8/2022;06:00:00 - 08:59:59;PERSONA;OTRO O INDETERMINADO [PERSONA];Mayor de edad;HOMBRE;COSTA RICA;LIMON;GUÁCIMO
HOMICIDIO;AJUSTE DE CUENTAS/VENGANZA;4/3/2022;21:00:00 - 23:59:59;PERSONA;PEATON [PERSONA];Mayor de edad;HOMBRE;COSTA RICA;GUANACASTE;LA CRUZ
HOMICIDIO;AJUSTE DE CUENTAS/VENGANZA;6/3/2022;03:00:00 - 05:59:59;PERSONA;PEATON [PERSONA];Mayor de edad;HOMBRE;COSTA RICA;SAN JOSE;TIBÁS
HOMICIDIO;AJUSTE DE CUENTAS/VENGANZA;6/3/2022;21:00:00 - 23:59:59;PERSONA;OTRO O INDETERMINADO [PERSONA];Mayor de edad;HOMBRE;COSTA RICA;CARTAGO;OREAMUNO
HOMICIDIO;AJUSTE DE CUENTAS/VENGANZA;7/3/2022;09:00:00 - 11:59:59;PERSONA;OTRO O INDETERMINADO [PERSONA];Mayor de edad;HOMBRE;COSTA RICA;CARTAGO;EL GUARCO
HOMICIDIO;AJUSTE DE CUENTAS/VENGANZA;8/3/2022;15:00:00 - 17:59:59;PERSONA;OTRO O INDETERMINADO [PERSONA];Mayor de edad;HOMBRE;COSTA RICA;CARTAGO;PARAISO
HOMICIDIO;DISCUSION/RI&#209;7/8/2022;12:00:00 - 14:59:59;PERSONA;OTRO O INDETERMINADO [PERSONA];Mayor de edad;HOMBRE;COSTA RICA;LIMON;GUÁCIMO
HOMICIDIO;OTRO O INDETERMINADO;17/11/2022;18:00:00 - 20:59:59;PERSONA;OTRO O INDETERMINADO [PERSONA];Mayor de edad;HOMBRE;COSTA RICA;LIMON;GUÁCIMO
HOMICIDIO;REPELIENDO ACTIVIDAD CRIMINAL;22/1/2022;03:00:00 - 05:59:59;PERSONA;OTRO O INDETERMINADO [PERSONA];Mayor de edad;HOMBRE;COSTA RICA;LIMON;GUÁCIMO
HOMICIDIO;VIOLENCIA DOMESTICA;9/4/2022;18:00:00 - 20:59:59;PERSONA;OTRO O INDETERMINADO [PERSONA];Mayor de edad;DESCONOCIDO;Desconocido;LIMON;GUÁCIMO
HOMICIDIO;AJUSTE DE CUENTAS/VENGANZA;28/1/2022;12:00:00 - 14:59:59;PERSONA;PEATON [PERSONA];Mayor de edad;HOMBRE;COSTA RICA;CARTAGO;LA UNIÓN
HOMICIDIO;AJUSTE DE CUENTAS/VENGANZA;3/3/2022;09:00:00 - 11:59:59;PERSONA;OTRO O INDETERMINADO [PERSONA];Mayor de edad;HOMBRE;COSTA RICA;CARTAGO;LA UNIÓN
HOMICIDIO;AJUSTE DE CUENTAS/VENGANZA;11/3/2022;00:00:00 - 02:59:59;PERSONA;OTRO O INDETERMINADO [PERSONA];Mayor de edad;HOMBRE;COSTA RICA;HEREDIA;SANTO DOMINGO
HOMICIDIO;AJUSTE DE CUENTAS/VENGANZA;12/3/2022;21:00:00 - 23:59:59;PERSONA;OTRO O INDETERMINADO [PERSONA];Mayor de edad;HOMBRE;COSTA RICA;HEREDIA;HEREDIA
HOMICIDIO;AJUSTE DE CUENTAS/VENGANZA;12/2/2022;21:00:00 - 23:59:59;PERSONA;OTRO O INDETERMINADO [PERSONA];Mayor de edad;HOMBRE;COSTA RICA;SAN JOSE;GOICOECHEA
HOMICIDIO;AJUSTE DE CUENTAS/VENGANZA;27/2/2022;09:00:00 - 11:59:59;PERSONA;OTRO O INDETERMINADO [PERSONA];Mayor de edad;HOMBRE;COSTA RICA;SAN JOSE;GOICOECHEA
HOMICIDIO;AJUSTE DE CUENTAS/VENGANZA;24/3/2022;18:00:00 - 20:59:59;PERSONA;PEATON [PERSONA];Mayor de edad;HOMBRE;COSTA RICA;CARTAGO;LA UNIÓN
HOMICIDIO;AJUSTE DE CUENTAS/VENGANZA;16/3/2022;06:00:00 - 08:59:59;PERSONA;OTRO O INDETERMINADO [PERSONA];Mayor de edad;MUJER;COSTA RICA;HEREDIA;SANTO DOMINGO
HOMICIDIO;AJUSTE DE CUENTAS/VENGANZA;18/3/2022;12:00:00 - 14:59:59;PERSONA;PEATON [PERSONA];Mayor de edad;HOMBRE;COSTA RICA;PUNTARENAS;PUNTARENAS
HOMICIDIO;AJUSTE DE CUENTAS/VENGANZA;20/3/2022;15:00:00 - 17:59:59;PERSONA;OTRO O INDETERMINADO [PERSONA];Mayor de edad;MUJER;COSTA RICA;PUNTARENAS;ESPARZA
HOMICIDIO;AJUSTE DE CUENTAS/VENGANZA;20/3/2022;15:00:00 - 17:59:59;PERSONA;OTRO O INDETERMINADO [PERSONA];Mayor de edad;HOMBRE;COSTA RICA;HEREDIA;HEREDIA
HOMICIDIO;AJUSTE DE CUENTAS/VENGANZA;22/3/2022;03:00:00 - 05:59:59;PERSONA;PEATON [PERSONA];Desconocido;HOMBRE;ARGENTINA;PUNTARENAS;GARABITO
HOMICIDIO;AJUSTE DE CUENTAS/VENGANZA;22/3/2022;18:00:00 - 20:59:59;PERSONA;OTRO O INDETERMINADO [PERSONA];Mayor de edad;HOMBRE;COSTA RICA;LIMON;POCOCÍ
HOMICIDIO;AJUSTE DE CUENTAS/VENGANZA;11/4/2022;06:00:00 - 08:59:59;PERSONA;PEATON [PERSONA];Desconocido;HOMBRE;NICARAGUA;CARTAGO;LA UNIÓN
HOMICIDIO;AJUSTE DE CUENTAS/VENGANZA;27/3/2022;09:00:00 - 11:59:59;PERSONA;OTRO O INDETERMINADO [PERSONA];Desconocido;DESCONOCIDO;Desconocido;SAN JOSE;SAN JOSÉ
HOMICIDIO;AJUSTE DE CUENTAS/VENGANZA;6/4/2022;03:00:00 - 05:59:59;PERSONA;PEATON [PERSONA];Mayor de edad;DESCONOCIDO;Desconocido;SAN JOSE;SAN JOSÉ
HOMICIDIO;AJUSTE DE CUENTAS/VENGANZA;6/4/2022;18:00:00 - 20:59:59;PERSONA;OTRO O INDETERMINADO [PERSONA];Mayor de edad;DESCONOCIDO;Desconocido;SAN JOSE;MORAVIA
HOMICIDIO;AJUSTE DE CUENTAS/VENGANZA;6/4/2022;18:00:00 - 20:59:59;PERSONA;OTRO O INDETERMINADO [PERSONA];Mayor de edad;HOMBRE;COSTA RICA;ALAJUELA;ALAJUELA
HOMICIDIO;AJUSTE DE CUENTAS/VENGANZA;10/4/2022;00:00:00 - 02:59:59;PERSONA;PEATON [PERSONA];Desconocido;HOMBRE;COSTA RICA;CARTAGO;CARTAGO
HOMICIDIO;AJUSTE DE CUENTAS/VENGANZA;9/4/2022;21:00:00 - 23:59:59;PERSONA;OTRO O INDETERMINADO [PERSONA];Mayor de edad;HOMBRE;COSTA RICA;HEREDIA;SARAPIQUÍ
HOMICIDIO;AJUSTE DE CUENTAS/VENGANZA;9/4/2022;18:00:00 - 20:59:59;PERSONA;PEATON [PERSONA];Mayor de edad;HOMBRE;COSTA RICA;LIMON;MATINA
HOMICIDIO;AJUSTE DE CUENTAS/VENGANZA;10/4/2022;18:00:00 - 20:59:59;PERSONA;EMPRESARIO/COMERCIANTE [PERSONA];Mayor de edad;HOMBRE;COLOMBIA;ALAJUELA;ALAJUELA
HOMICIDIO;AJUSTE DE CUENTAS/VENGANZA;5/6/2022;12:00:00 - 14:59:59;PERSONA;OTRO O INDETERMINADO [PERSONA];Menor de edad;HOMBRE;COSTA RICA;CARTAGO;LA UNIÓN
HOMICIDIO;AJUSTE DE CUENTAS/VENGANZA;8/7/2022;15:00:00 - 17:59:59;PERSONA;PEATON [PERSONA];Mayor de edad;HOMBRE;COSTA RICA;CARTAGO;LA UNIÓN
HOMICIDIO;AJUSTE DE CUENTAS/VENGANZA;15/4/2022;15:00:00 - 17:59:59;PERSONA;OTRO O INDETERMINADO [PERSONA];Mayor de edad;DESCONOCIDO;COSTA RICA;LIMON;POCOCÍ
HOMICIDIO;AJUSTE DE CUENTAS/VENGANZA;17/4/2022;00:00:00 - 02:59:59;PERSONA;OTRO O INDETERMINADO [PERSONA];Mayor de edad;DESCONOCIDO;COSTA RICA;HEREDIA;HEREDIA
HOMICIDIO;AJUSTE DE CUENTAS/VENGANZA;17/4/2022;18:00:00 - 20:59:59;PERSONA;OTRO O INDETERMINADO [PERSONA];Mayor de edad;HOMBRE;COSTA RICA;LIMON;POCOCÍ
HOMICIDIO;AJUSTE DE CUENTAS/VENGANZA;14/9/2022;06:00:00 - 08:59:59;PERSONA;PEATON [PERSONA];Mayor de edad;HOMBRE;COSTA RICA;CARTAGO;LA UNIÓN
HOMICIDIO;AJUSTE DE CUENTAS/VENGANZA;19/4/2022;00:00:00 - 02:59:59;PERSONA;PEATON [PERSONA];Menor de edad;DESCONOCIDO;COSTA RICA;ALAJUELA;SAN RAMON
HOMICIDIO;DISCUSION/RI&#209;13/3/2022;18:00:00 - 20:59:59;PERSONA;PEATON [PERSONA];Mayor de edad;DESCONOCIDO;Desconocido;CARTAGO;LA UNIÓN
HOMICIDIO;AJUSTE DE CUENTAS/VENGANZA;25/3/2022;18:00:00 - 20:59:59;PERSONA;OTRO O INDETERMINADO [PERSONA];Mayor de edad;HOMBRE;COSTA RICA;SAN JOSE;TIBÁS
HOMICIDIO;AJUSTE DE CUENTAS/VENGANZA;25/3/2022;18:00:00 - 20:59:59;PERSONA;OTRO O INDETERMINADO [PERSONA];Mayor de edad;HOMBRE;COSTA RICA;SAN JOSE;TIBÁS
HOMICIDIO;AJUSTE DE CUENTAS/VENGANZA;12/4/2022;06:00:00 - 08:59:59;PERSONA;OTRO O INDETERMINADO [PERSONA];Mayor de edad;HOMBRE;COSTA RICA;GUANACASTE;SANTA CRUZ
HOMICIDIO;AJUSTE DE CUENTAS/VENGANZA;18/4/2022;18:00:00 - 20:59:59;PERSONA;OTRO O INDETERMINADO [PERSONA];Desconocido;HOMBRE;COSTA RICA;ALAJUELA;SAN CARLOS
HOMICIDIO;AJUSTE DE CUENTAS/VENGANZA;20/4/2022;18:00:00 - 20:59:59;PERSONA;CLIENTE LOCAL COMERCIAL [PERSONA];Mayor de edad;HOMBRE;COSTA RICA;PUNTARENAS;OSA
HOMICIDIO;AJUSTE DE CUENTAS/VENGANZA;23/4/2022;00:00:00 - 02:59:59;PERSONA;PEATON [PERSONA];Desconocido;HOMBRE;Desconocido;LIMON;MATINA
HOMICIDIO;AJUSTE DE CUENTAS/VENGANZA;23/4/2022;00:00:00 - 02:59:59;PERSONA;PEATON [PERSONA];Mayor de edad;HOMBRE;COSTA RICA;ALAJUELA;ALAJUELA
HOMICIDIO;AJUSTE DE CUENTAS/VENGANZA;23/4/2022;00:00:00 - 02:59:59;PERSONA;PEATON [PERSONA];Mayor de edad;HOMBRE;COSTA RICA;ALAJUELA;ALAJUELA
HOMICIDIO;DISCUSION/RI&#209;25/7/2022;21:00:00 - 23:59:59;PERSONA;OTRO O INDETERMINADO [PERSONA];Mayor de edad;DESCONOCIDO;COSTA RICA;CARTAGO;LA UNIÓN
HOMICIDIO;AJUSTE DE CUENTAS/VENGANZA;27/4/2022;00:00:00 - 02:59:59;PERSONA;OTRO O INDETERMINADO [PERSONA];Mayor de edad;HOMBRE;NICARAGUA;SAN JOSE;DESAMPARADOS
HOMICIDIO;AJUSTE DE CUENTAS/VENGANZA;30/4/2022;06:00:00 - 08:59:59;PERSONA;PEATON [PERSONA];Mayor de edad;HOMBRE;COSTA RICA;PUNTARENAS;PUNTARENAS
HOMICIDIO;AJUSTE DE CUENTAS/VENGANZA;2/5/2022;00:00:00 - 02:59:59;PERSONA;EMPRESARIO/COMERCIANTE [PERSONA];Mayor de edad;HOMBRE;NICARAGUA;GUANACASTE;LA CRUZ
HOMICIDIO;AJUSTE DE CUENTAS/VENGANZA;2/5/2022;21:00:00 - 23:59:59;PERSONA;OTRO O INDETERMINADO [PERSONA];Mayor de edad;HOMBRE;COSTA RICA;GUANACASTE;CARRILLO
HOMICIDIO;AJUSTE DE CUENTAS/VENGANZA;21/4/2022;18:00:00 - 20:59:59;PERSONA;OTRO O INDETERMINADO [PERSONA];Mayor de edad;HOMBRE;COSTA RICA;SAN JOSE;SAN JOSÉ
HOMICIDIO;AJUSTE DE CUENTAS/VENGANZA;4/5/2022;15:00:00 - 17:59:59;PERSONA;PEATON [PERSONA];Mayor de edad;HOMBRE;COSTA RICA;ALAJUELA;ALAJUELA
HOMICIDIO;AJUSTE DE CUENTAS/VENGANZA;3/5/2022;09:00:00 - 11:59:59;PERSONA;OTRO O INDETERMINADO [PERSONA];Mayor de edad;HOMBRE;COSTA RICA;HEREDIA;SANTO DOMINGO
HOMICIDIO;AJUSTE DE CUENTAS/VENGANZA;7/5/2022;18:00:00 - 20:59:59;PERSONA;DELINCUENTE (RECONOCIDO) [PERSONA];Mayor de edad;HOMBRE;COSTA RICA;PUNTARENAS;CORREDORES
HOMICIDIO;AJUSTE DE CUENTAS/VENGANZA;8/5/2022;21:00:00 - 23:59:59;PERSONA;PEATON [PERSONA];Mayor de edad;HOMBRE;COSTA RICA;ALAJUELA;RIO CUARTO
HOMICIDIO;AJUSTE DE CUENTAS/VENGANZA;8/5/2022;06:00:00 - 08:59:59;PERSONA;OTRO O INDETERMINADO [PERSONA];Mayor de edad;HOMBRE;COSTA RICA;SAN JOSE;CURRIDABAT
HOMICIDIO;AJUSTE DE CUENTAS/VENGANZA;8/5/2022;21:00:00 - 23:59:59;PERSONA;OTRO O INDETERMINADO [PERSONA];Mayor de edad;HOMBRE;COSTA RICA;LIMON;SIQUIRRES
HOMICIDIO;AJUSTE DE CUENTAS/VENGANZA;8/5/2022;18:00:00 - 20:59:59;PERSONA;OTRO O INDETERMINADO [PERSONA];Mayor de edad;HOMBRE;COSTA RICA;ALAJUELA;SAN RAMON
HOMICIDIO;AJUSTE DE CUENTAS/VENGANZA;9/5/2022;18:00:00 - 20:59:59;PERSONA;OTRO O INDETERMINADO [PERSONA];Mayor de edad;HOMBRE;COSTA RICA;LIMON;POCOCÍ
HOMICIDIO;AJUSTE DE CUENTAS/VENGANZA;9/5/2022;18:00:00 - 20:59:59;PERSONA;OTRO O INDETERMINADO [PERSONA];Mayor de edad;HOMBRE;COSTA RICA;LIMON;POCOCÍ
HOMICIDIO;AJUSTE DE CUENTAS/VENGANZA;10/5/2022;09:00:00 - 11:59:59;PERSONA;OTRO O INDETERMINADO [PERSONA];Mayor de edad;HOMBRE;COSTA RICA;PUNTARENAS;PUNTARENAS
HOMICIDIO;AJUSTE DE CUENTAS/VENGANZA;10/5/2022;21:00:00 - 23:59:59;PERSONA;OTRO O INDETERMINADO [PERSONA];Mayor de edad;HOMBRE;COSTA RICA;GUANACASTE;LIBERIA
HOMICIDIO;AJUSTE DE CUENTAS/VENGANZA;11/5/2022;21:00:00 - 23:59:59;PERSONA;OTRO O INDETERMINADO [PERSONA];Mayor de edad;HOMBRE;COSTA RICA;PUNTARENAS;CORREDORES
HOMICIDIO;AJUSTE DE CUENTAS/VENGANZA;11/5/2022;21:00:00 - 23:59:59;PERSONA;PEATON [PERSONA];Mayor de edad;HOMBRE;COSTA RICA;LIMON;TALAMANCA
HOMICIDIO;OTRO O INDETERMINADO;11/10/2022;00:00:00 - 02:59:59;PERSONA;PEATON [PERSONA];Mayor de edad;HOMBRE;COSTA RICA;CARTAGO;LA UNIÓN
HOMICIDIO;AJUSTE DE CUENTAS/VENGANZA;27/1/2022;09:00:00 - 11:59:59;PERSONA;PEATON [PERSONA];Mayor de edad;HOMBRE;COSTA RICA;LIMON;LIMÓN
HOMICIDIO;AJUSTE DE CUENTAS/VENGANZA;15/5/2022;03:00:00 - 05:59:59;PERSONA;OTRO O INDETERMINADO [PERSONA];Mayor de edad;HOMBRE;COSTA RICA;SAN JOSE;ESCAZÚ
HOMICIDIO;AJUSTE DE CUENTAS/VENGANZA;16/5/2022;18:00:00 - 20:59:59;PERSONA;EMPRESARIO/COMERCIANTE [PERSONA];Mayor de edad;HOMBRE;COSTA RICA;GUANACASTE;LIBERIA
HOMICIDIO;AJUSTE DE CUENTAS/VENGANZA;14/2/2022;18:00:00 - 20:59:59;PERSONA;PEATON [PERSONA];Mayor de edad;HOMBRE;COSTA RICA;LIMON;LIMÓN
HOMICIDIO;AJUSTE DE CUENTAS/VENGANZA;17/2/2022;15:00:00 - 17:59:59;PERSONA;PEATON [PERSONA];Mayor de edad;HOMBRE;COSTA RICA;LIMON;LIMÓN
HOMICIDIO;AJUSTE DE CUENTAS/VENGANZA;22/4/2022;15:00:00 - 17:59:59;PERSONA;PEATON [PERSONA];Mayor de edad;HOMBRE;COSTA RICA;PUNTARENAS;CORREDORES
HOMICIDIO;AJUSTE DE CUENTAS/VENGANZA;27/4/2022;12:00:00 - 14:59:59;PERSONA;OTRO O INDETERMINADO [PERSONA];Mayor de edad;HOMBRE;COSTA RICA;SAN JOSE;SAN JOSÉ
HOMICIDIO;AJUSTE DE CUENTAS/VENGANZA;20/5/2022;00:00:00 - 02:59:59;PERSONA;PEATON [PERSONA];Mayor de edad;HOMBRE;COSTA RICA;ALAJUELA;SAN CARLOS
HOMICIDIO;AJUSTE DE CUENTAS/VENGANZA;21/5/2022;00:00:00 - 02:59:59;PERSONA;OTRO O INDETERMINADO [PERSONA];Mayor de edad;HOMBRE;COSTA RICA;PUNTARENAS;PUNTARENAS
HOMICIDIO;AJUSTE DE CUENTAS/VENGANZA;17/2/2022;15:00:00 - 17:59:59;PERSONA;PEATON [PERSONA];Mayor de edad;HOMBRE;COSTA RICA;LIMON;LIMÓN
HOMICIDIO;AJUSTE DE CUENTAS/VENGANZA;17/5/2022;18:00:00 - 20:59:59;PERSONA;OTRO O INDETERMINADO [PERSONA];Mayor de edad;HOMBRE;COSTA RICA;HEREDIA;SARAPIQUÍ
HOMICIDIO;AJUSTE DE CUENTAS/VENGANZA;17/5/2022;00:00:00 - 02:59:59;PERSONA;PEATON [PERSONA];Mayor de edad;HOMBRE;COSTA RICA;ALAJUELA;SAN RAMON
HOMICIDIO;AJUSTE DE CUENTAS/VENGANZA;24/5/2022;00:00:00 - 02:59:59;PERSONA;OTRO O INDETERMINADO [PERSONA];Mayor de edad;HOMBRE;COSTA RICA;PUNTARENAS;PUNTARENAS
HOMICIDIO;AJUSTE DE CUENTAS/VENGANZA;23/5/2022;21:00:00 - 23:59:59;PERSONA;PEATON [PERSONA];Mayor de edad;MUJER;COSTA RICA;PUNTARENAS;CORREDORES
HOMICIDIO;AJUSTE DE CUENTAS/VENGANZA;23/5/2022;21:00:00 - 23:59:59;PERSONA;PEATON [PERSONA];Mayor de edad;HOMBRE;COSTA RICA;PUNTARENAS;CORREDORES
HOMICIDIO;AJUSTE DE CUENTAS/VENGANZA;23/2/2022;00:00:00 - 02:59:59;PERSONA;PEATON [PERSONA];Mayor de edad;HOMBRE;COSTA RICA;LIMON;LIMÓN
HOMICIDIO;AJUSTE DE CUENTAS/VENGANZA;23/2/2022;00:00:00 - 02:59:59;PERSONA;PEATON [PERSONA];Mayor de edad;HOMBRE;COSTA RICA;LIMON;LIMÓN
HOMICIDIO;AJUSTE DE CUENTAS/VENGANZA;30/5/2022;21:00:00 - 23:59:59;PERSONA;PEATON [PERSONA];Mayor de edad;HOMBRE;COSTA RICA;PUNTARENAS;GOLFITO
HOMICIDIO;AJUSTE DE CUENTAS/VENGANZA;31/5/2022;15:00:00 - 17:59:59;PERSONA;OTRO O INDETERMINADO [PERSONA];Mayor de edad;HOMBRE;COSTA RICA;LIMON;POCOCÍ
HOMICIDIO;AJUSTE DE CUENTAS/VENGANZA;3/6/2022;21:00:00 - 23:59:59;PERSONA;CLIENTE LOCAL COMERCIAL [PERSONA];Mayor de edad;HOMBRE;COSTA RICA;LIMON;POCOCÍ
HOMICIDIO;AJUSTE DE CUENTAS/VENGANZA;25/2/2022;18:00:00 - 20:59:59;PERSONA;PEATON [PERSONA];Mayor de edad;HOMBRE;NICARAGUA;LIMON;LIMÓN
HOMICIDIO;AJUSTE DE CUENTAS/VENGANZA;3/6/2022;12:00:00 - 14:59:59;PERSONA;OTRO O INDETERMINADO [PERSONA];Mayor de edad;HOMBRE;COSTA RICA;ALAJUELA;ALAJUELA
HOMICIDIO;AJUSTE DE CUENTAS/VENGANZA;5/6/2022;21:00:00 - 23:59:59;PERSONA;PEATON [PERSONA];Mayor de edad;HOMBRE;COSTA RICA;PUNTARENAS;CORREDORES
HOMICIDIO;AJUSTE DE CUENTAS/VENGANZA;6/6/2022;15:00:00 - 17:59:59;PERSONA;PEATON [PERSONA];Mayor de edad;HOMBRE;COSTA RICA;LIMON;MATINA
HOMICIDIO;AJUSTE DE CUENTAS/VENGANZA;2/3/2022;09:00:00 - 11:59:59;PERSONA;PEATON [PERSONA];Mayor de edad;HOMBRE;COSTA RICA;LIMON;LIMÓN
HOMICIDIO;AJUSTE DE CUENTAS/VENGANZA;9/6/2022;00:00:00 - 02:59:59;PERSONA;OTRO O INDETERMINADO [PERSONA];Mayor de edad;HOMBRE;COSTA RICA;ALAJUELA;POÁS
HOMICIDIO;AJUSTE DE CUENTAS/VENGANZA;12/6/2022;21:00:00 - 23:59:59;PERSONA;PEATON [PERSONA];Mayor de edad;HOMBRE;COSTA RICA;LIMON;SIQUIRRES
HOMICIDIO;AJUSTE DE CUENTAS/VENGANZA;15/6/2022;18:00:00 - 20:59:59;PERSONA;OTRO O INDETERMINADO [PERSONA];Mayor de edad;DESCONOCIDO;COSTA RICA;LIMON;POCOCÍ
HOMICIDIO;AJUSTE DE CUENTAS/VENGANZA;2/3/2022;09:00:00 - 11:59:59;PERSONA;PEATON [PERSONA];Mayor de edad;HOMBRE;COSTA RICA;LIMON;LIMÓN
HOMICIDIO;AJUSTE DE CUENTAS/VENGANZA;16/6/2022;06:00:00 - 08:59:59;PERSONA;OTRO O INDETERMINADO [PERSONA];Desconocido;HOMBRE;Desconocido;GUANACASTE;LIBERIA
HOMICIDIO;AJUSTE DE CUENTAS/VENGANZA;18/6/2022;15:00:00 - 17:59:59;PERSONA;PEATON [PERSONA];Mayor de edad;HOMBRE;COSTA RICA;GUANACASTE;NICOYA
HOMICIDIO;AJUSTE DE CUENTAS/VENGANZA;18/6/2022;15:00:00 - 17:59:59;PERSONA;PEATON [PERSONA];Mayor de edad;HOMBRE;COSTA RICA;GUANACASTE;NICOYA
HOMICIDIO;AJUSTE DE CUENTAS/VENGANZA;2/3/2022;09:00:00 - 11:59:59;PERSONA;PEATON [PERSONA];Mayor de edad;HOMBRE;COSTA RICA;LIMON;LIMÓN
HOMICIDIO;AJUSTE DE CUENTAS/VENGANZA;20/6/2022;00:00:00 - 02:59:59;PERSONA;OTRO O INDETERMINADO [PERSONA];Mayor de edad;HOMBRE;COSTA RICA;PUNTARENAS;PUNTARENAS
HOMICIDIO;AJUSTE DE CUENTAS/VENGANZA;21/6/2022;03:00:00 - 05:59:59;PERSONA;PEATON [PERSONA];Mayor de edad;DESCONOCIDO;COSTA RICA;HEREDIA;SARAPIQUÍ
HOMICIDIO;AJUSTE DE CUENTAS/VENGANZA;22/6/2022;06:00:00 - 08:59:59;PERSONA;OTRO O INDETERMINADO [PERSONA];Desconocido;HOMBRE;Desconocido;GUANACASTE;BAGACES
HOMICIDIO;AJUSTE DE CUENTAS/VENGANZA;22/6/2022;06:00:00 - 08:59:59;PERSONA;OTRO O INDETERMINADO [PERSONA];Desconocido;HOMBRE;COSTA RICA;GUANACASTE;BAGACES
HOMICIDIO;AJUSTE DE CUENTAS/VENGANZA;24/6/2022;21:00:00 - 23:59:59;PERSONA;OTRO O INDETERMINADO [PERSONA];Mayor de edad;DESCONOCIDO;COSTA RICA;LIMON;POCOCÍ
HOMICIDIO;AJUSTE DE CUENTAS/VENGANZA;2/3/2022;09:00:00 - 11:59:59;PERSONA;PEATON [PERSONA];Mayor de edad;HOMBRE;COSTA RICA;LIMON;LIMÓN
HOMICIDIO;AJUSTE DE CUENTAS/VENGANZA;2/3/2022;09:00:00 - 11:59:59;PERSONA;PEATON [PERSONA];Mayor de edad;HOMBRE;COSTA RICA;LIMON;LIMÓN
HOMICIDIO;AJUSTE DE CUENTAS/VENGANZA;2/3/2022;09:00:00 - 11:59:59;PERSONA;PEATON [PERSONA];Mayor de edad;HOMBRE;COSTA RICA;LIMON;LIMÓN
HOMICIDIO;AJUSTE DE CUENTAS/VENGANZA;22/6/2022;06:00:00 - 08:59:59;PERSONA;OTRO O INDETERMINADO [PERSONA];Desconocido;HOMBRE;COSTA RICA;GUANACASTE;BAGACES
HOMICIDIO;AJUSTE DE CUENTAS/VENGANZA;28/6/2022;03:00:00 - 05:59:59;PERSONA;PEATON [PERSONA];Menor de edad;MUJER;COSTA RICA;SAN JOSE;SAN JOSÉ
HOMICIDIO;AJUSTE DE CUENTAS/VENGANZA;29/6/2022;03:00:00 - 05:59:59;PERSONA;PEATON [PERSONA];Mayor de edad;HOMBRE;COSTA RICA;SAN JOSE;SAN JOSÉ
HOMICIDIO;AJUSTE DE CUENTAS/VENGANZA;30/6/2022;18:00:00 - 20:59:59;PERSONA;PEATON [PERSONA];Desconocido;HOMBRE;NICARAGUA;ALAJUELA;ALAJUELA
HOMICIDIO;AJUSTE DE CUENTAS/VENGANZA;5/7/2022;18:00:00 - 20:59:59;PERSONA;PEATON [PERSONA];Mayor de edad;HOMBRE;COSTA RICA;LIMON;MATINA
HOMICIDIO;AJUSTE DE CUENTAS/VENGANZA;6/7/2022;00:00:00 - 02:59:59;PERSONA;PEATON [PERSONA];Mayor de edad;HOMBRE;COSTA RICA;PUNTARENAS;CORREDORES
HOMICIDIO;AJUSTE DE CUENTAS/VENGANZA;6/7/2022;18:00:00 - 20:59:59;PERSONA;OTRO O INDETERMINADO [PERSONA];Mayor de edad;HOMBRE;COSTA RICA;LIMON;SIQUIRRES
HOMICIDIO;AJUSTE DE CUENTAS/VENGANZA;8/7/2022;00:00:00 - 02:59:59;PERSONA;OTRO O INDETERMINADO [PERSONA];Desconocido;HOMBRE;Desconocido;ALAJUELA;ALAJUELA
HOMICIDIO;AJUSTE DE CUENTAS/VENGANZA;2/3/2022;09:00:00 - 11:59:59;PERSONA;PEATON [PERSONA];Mayor de edad;HOMBRE;COSTA RICA;LIMON;LIMÓN
HOMICIDIO;AJUSTE DE CUENTAS/VENGANZA;14/3/2022;18:00:00 - 20:59:59;PERSONA;PEATON [PERSONA];Mayor de edad;HOMBRE;COSTA RICA;LIMON;LIMÓN
HOMICIDIO;AJUSTE DE CUENTAS/VENGANZA;11/4/2022;15:00:00 - 17:59:59;PERSONA;PEATON [PERSONA];Desconocido;HOMBRE;PANAMA;LIMON;LIMÓN
HOMICIDIO;AJUSTE DE CUENTAS/VENGANZA;2/3/2022;09:00:00 - 11:59:59;PERSONA;PEATON [PERSONA];Mayor de edad;HOMBRE;COSTA RICA;LIMON;LIMÓN
HOMICIDIO;AJUSTE DE CUENTAS/VENGANZA;25/4/2022;21:00:00 - 23:59:59;PERSONA;PEATON [PERSONA];Mayor de edad;HOMBRE;COSTA RICA;LIMON;LIMÓN
HOMICIDIO;AJUSTE DE CUENTAS/VENGANZA;9/7/2022;21:00:00 - 23:59:59;PERSONA;OTRO O INDETERMINADO [PERSONA];Desconocido;HOMBRE;NICARAGUA;GUANACASTE;SANTA CRUZ
HOMICIDIO;AJUSTE DE CUENTAS/VENGANZA;9/7/2022;21:00:00 - 23:59:59;PERSONA;OTRO O INDETERMINADO [PERSONA];Mayor de edad;HOMBRE;NICARAGUA;GUANACASTE;SANTA CRUZ
HOMICIDIO;AJUSTE DE CUENTAS/VENGANZA;9/7/2022;21:00:00 - 23:59:59;PERSONA;OTRO O INDETERMINADO [PERSONA];Mayor de edad;HOMBRE;NICARAGUA;GUANACASTE;SANTA CRUZ
HOMICIDIO;AJUSTE DE CUENTAS/VENGANZA;9/7/2022;21:00:00 - 23:59:59;PERSONA;OTRO O INDETERMINADO [PERSONA];Mayor de edad;HOMBRE;NICARAGUA;GUANACASTE;SANTA CRUZ
HOMICIDIO;AJUSTE DE CUENTAS/VENGANZA;9/7/2022;21:00:00 - 23:59:59;PERSONA;OTRO O INDETERMINADO [PERSONA];Mayor de edad;MUJER;NICARAGUA;GUANACASTE;SANTA CRUZ
HOMICIDIO;AJUSTE DE CUENTAS/VENGANZA;7/7/2022;21:00:00 - 23:59:59;PERSONA;PEATON [PERSONA];Mayor de edad;HOMBRE;COSTA RICA;PUNTARENAS;PUNTARENAS
HOMICIDIO;AJUSTE DE CUENTAS/VENGANZA;13/7/2022;12:00:00 - 14:59:59;PERSONA;PEATON [PERSONA];Mayor de edad;HOMBRE;COSTA RICA;PUNTARENAS;PUNTARENAS
HOMICIDIO;AJUSTE DE CUENTAS/VENGANZA;13/5/2022;12:00:00 - 14:59:59;PERSONA;PEATON [PERSONA];Mayor de edad;HOMBRE;COSTA RICA;LIMON;LIMÓN
HOMICIDIO;AJUSTE DE CUENTAS/VENGANZA;13/7/2022;21:00:00 - 23:59:59;PERSONA;PEATON [PERSONA];Desconocido;HOMBRE;Desconocido;PUNTARENAS;PUNTARENAS
HOMICIDIO;AJUSTE DE CUENTAS/VENGANZA;15/7/2022;09:00:00 - 11:59:59;PERSONA;OTRO O INDETERMINADO [PERSONA];Mayor de edad;MUJER;COSTA RICA;ALAJUELA;ALAJUELA
HOMICIDIO;AJUSTE DE CUENTAS/VENGANZA;17/7/2022;00:00:00 - 02:59:59;PERSONA;CLIENTE LOCAL COMERCIAL [PERSONA];Mayor de edad;HOMBRE;COSTA RICA;PUNTARENAS;GOLFITO
HOMICIDIO;AJUSTE DE CUENTAS/VENGANZA;17/7/2022;00:00:00 - 02:59:59;PERSONA;PEATON [PERSONA];Mayor de edad;HOMBRE;COSTA RICA;PUNTARENAS;PUNTARENAS
HOMICIDIO;AJUSTE DE CUENTAS/VENGANZA;17/7/2022;09:00:00 - 11:59:59;PERSONA;MENOR DE EDAD [PERSONA];Menor de edad;DESCONOCIDO;COSTA RICA;ALAJUELA;ALAJUELA
HOMICIDIO;AJUSTE DE CUENTAS/VENGANZA;17/5/2022;06:00:00 - 08:59:59;PERSONA;PEATON [PERSONA];Mayor de edad;HOMBRE;COSTA RICA;LIMON;LIMÓN
HOMICIDIO;AJUSTE DE CUENTAS/VENGANZA;19/7/2022;09:00:00 - 11:59:59;PERSONA;OTRO O INDETERMINADO [PERSONA];Mayor de edad;HOMBRE;COSTA RICA;LIMON;POCOCÍ
HOMICIDIO;AJUSTE DE CUENTAS/VENGANZA;17/5/2022;06:00:00 - 08:59:59;PERSONA;PEATON [PERSONA];Adulto Mayor;HOMBRE;COSTA RICA;LIMON;LIMÓN
HOMICIDIO;AJUSTE DE CUENTAS/VENGANZA;23/7/2022;12:00:00 - 14:59:59;PERSONA;PEATON [PERSONA];Mayor de edad;HOMBRE;COSTA RICA;PUNTARENAS;PARRITA
HOMICIDIO;AJUSTE DE CUENTAS/VENGANZA;23/7/2022;15:00:00 - 17:59:59;PERSONA;OTRO O INDETERMINADO [PERSONA];Mayor de edad;HOMBRE;COSTA RICA;CARTAGO;CARTAGO
HOMICIDIO;AJUSTE DE CUENTAS/VENGANZA;23/7/2022;18:00:00 - 20:59:59;PERSONA;PEATON [PERSONA];Mayor de edad;HOMBRE;COSTA RICA;PUNTARENAS;PARRITA
HOMICIDIO;AJUSTE DE CUENTAS/VENGANZA;21/5/2022;21:00:00 - 23:59:59;PERSONA;PEATON [PERSONA];Mayor de edad;HOMBRE;COSTA RICA;LIMON;LIMÓN
HOMICIDIO;AJUSTE DE CUENTAS/VENGANZA;24/7/2022;21:00:00 - 23:59:59;PERSONA;OTRO O INDETERMINADO [PERSONA];Mayor de edad;HOMBRE;COLOMBIA;ALAJUELA;ALAJUELA
HOMICIDIO;AJUSTE DE CUENTAS/VENGANZA;22/7/2022;21:00:00 - 23:59:59;PERSONA;PEATON [PERSONA];Mayor de edad;HOMBRE;COSTA RICA;PUNTARENAS;OSA
HOMICIDIO;AJUSTE DE CUENTAS/VENGANZA;26/7/2022;09:00:00 - 11:59:59;PERSONA;OTRO O INDETERMINADO [PERSONA];Mayor de edad;HOMBRE;COSTA RICA;ALAJUELA;POÁS
HOMICIDIO;AJUSTE DE CUENTAS/VENGANZA;28/7/2022;21:00:00 - 23:59:59;PERSONA;OTRO O INDETERMINADO [PERSONA];Mayor de edad;HOMBRE;COSTA RICA;LIMON;POCOCÍ
HOMICIDIO;AJUSTE DE CUENTAS/VENGANZA;29/7/2022;21:00:00 - 23:59:59;PERSONA;PEATON [PERSONA];Mayor de edad;DESCONOCIDO;NICARAGUA;HEREDIA;BARVA
HOMICIDIO;AJUSTE DE CUENTAS/VENGANZA;31/7/2022;03:00:00 - 05:59:59;PERSONA;PEATON [PERSONA];Mayor de edad;HOMBRE;COSTA RICA;GUANACASTE;CAÑAS
HOMICIDIO;AJUSTE DE CUENTAS/VENGANZA;30/7/2022;00:00:00 - 02:59:59;PERSONA;PEATON [PERSONA];Mayor de edad;MUJER;Desconocido;GUANACASTE;LIBERIA
HOMICIDIO;AJUSTE DE CUENTAS/VENGANZA;3/8/2022;15:00:00 - 17:59:59;PERSONA;OTRO O INDETERMINADO [PERSONA];Mayor de edad;HOMBRE;COSTA RICA;CARTAGO;CARTAGO
HOMICIDIO;AJUSTE DE CUENTAS/VENGANZA;3/8/2022;12:00:00 - 14:59:59;PERSONA;OTRO O INDETERMINADO [PERSONA];Mayor de edad;HOMBRE;COSTA RICA;CARTAGO;CARTAGO
HOMICIDIO;AJUSTE DE CUENTAS/VENGANZA;7/6/2022;21:00:00 - 23:59:59;PERSONA;PEATON [PERSONA];Mayor de edad;HOMBRE;COSTA RICA;LIMON;LIMÓN
HOMICIDIO;AJUSTE DE CUENTAS/VENGANZA;3/8/2022;18:00:00 - 20:59:59;PERSONA;PEATON [PERSONA];Mayor de edad;HOMBRE;Desconocido;HEREDIA;BARVA
HOMICIDIO;AJUSTE DE CUENTAS/VENGANZA;3/8/2022;15:00:00 - 17:59:59;PERSONA;PEATON [PERSONA];Menor de edad;HOMBRE;COSTA RICA;LIMON;MATINA
HOMICIDIO;AJUSTE DE CUENTAS/VENGANZA;19/6/2022;21:00:00 - 23:59:59;PERSONA;PEATON [PERSONA];Mayor de edad;HOMBRE;COSTA RICA;LIMON;LIMÓN
HOMICIDIO;AJUSTE DE CUENTAS/VENGANZA;25/6/2022;18:00:00 - 20:59:59;PERSONA;PEATON [PERSONA];Mayor de edad;HOMBRE;COSTA RICA;LIMON;LIMÓN
HOMICIDIO;AJUSTE DE CUENTAS/VENGANZA;8/8/2022;21:00:00 - 23:59:59;PERSONA;PEATON [PERSONA];Mayor de edad;MUJER;COSTA RICA;PUNTARENAS;PUNTARENAS
HOMICIDIO;AJUSTE DE CUENTAS/VENGANZA;8/8/2022;06:00:00 - 08:59:59;PERSONA;OTRO O INDETERMINADO [PERSONA];Mayor de edad;HOMBRE;COSTA RICA;LIMON;POCOCÍ
HOMICIDIO;AJUSTE DE CUENTAS/VENGANZA;8/8/2022;06:00:00 - 08:59:59;PERSONA;OTRO O INDETERMINADO [PERSONA];Mayor de edad;HOMBRE;COSTA RICA;LIMON;POCOCÍ
HOMICIDIO;AJUSTE DE CUENTAS/VENGANZA;9/8/2022;03:00:00 - 05:59:59;PERSONA;OTRO O INDETERMINADO [PERSONA];Mayor de edad;HOMBRE;COSTA RICA;ALAJUELA;ALAJUELA
HOMICIDIO;AJUSTE DE CUENTAS/VENGANZA;8/7/2022;21:00:00 - 23:59:59;PERSONA;PEATON [PERSONA];Mayor de edad;HOMBRE;COSTA RICA;LIMON;LIMÓN
HOMICIDIO;AJUSTE DE CUENTAS/VENGANZA;11/8/2022;18:00:00 - 20:59:59;PERSONA;PEATON [PERSONA];Mayor de edad;DESCONOCIDO;COSTA RICA;PUNTARENAS;MONTES DE ORO
HOMICIDIO;AJUSTE DE CUENTAS/VENGANZA;11/8/2022;00:00:00 - 02:59:59;PERSONA;OTRO O INDETERMINADO [PERSONA];Desconocido;DESCONOCIDO;Desconocido;PUNTARENAS;PUNTARENAS
HOMICIDIO;AJUSTE DE CUENTAS/VENGANZA;12/8/2022;21:00:00 - 23:59:59;PERSONA;OTRO O INDETERMINADO [PERSONA];Mayor de edad;HOMBRE;COSTA RICA;GUANACASTE;TILARÁN
HOMICIDIO;AJUSTE DE CUENTAS/VENGANZA;13/8/2022;21:00:00 - 23:59:59;PERSONA;PEATON [PERSONA];Mayor de edad;HOMBRE;COSTA RICA;PUNTARENAS;PUNTARENAS
HOMICIDIO;AJUSTE DE CUENTAS/VENGANZA;14/8/2022;03:00:00 - 05:59:59;PERSONA;PEATON [PERSONA];Mayor de edad;HOMBRE;Desconocido;PUNTARENAS;PUNTARENAS
HOMICIDIO;AJUSTE DE CUENTAS/VENGANZA;8/7/2022;21:00:00 - 23:59:59;PERSONA;PEATON [PERSONA];Mayor de edad;HOMBRE;COSTA RICA;LIMON;LIMÓN
HOMICIDIO;AJUSTE DE CUENTAS/VENGANZA;17/8/2022;00:00:00 - 02:59:59;PERSONA;PEATON [PERSONA];Mayor de edad;HOMBRE;COSTA RICA;PUNTARENAS;GARABITO
HOMICIDIO;AJUSTE DE CUENTAS/VENGANZA;17/8/2022;12:00:00 - 14:59:59;PERSONA;CLIENTE LOCAL COMERCIAL [PERSONA];Mayor de edad;HOMBRE;COSTA RICA;GUANACASTE;BAGACES
HOMICIDIO;AJUSTE DE CUENTAS/VENGANZA;19/8/2022;06:00:00 - 08:59:59;PERSONA;PEATON [PERSONA];Adulto Mayor;HOMBRE;Desconocido;PUNTARENAS;GARABITO
HOMICIDIO;AJUSTE DE CUENTAS/VENGANZA;19/8/2022;21:00:00 - 23:59:59;PERSONA;PEATON [PERSONA];Mayor de edad;HOMBRE;COSTA RICA;PUNTARENAS;PUNTARENAS
HOMICIDIO;AJUSTE DE CUENTAS/VENGANZA;22/8/2022;09:00:00 - 11:59:59;PERSONA;OTRO O INDETERMINADO [PERSONA];Mayor de edad;HOMBRE;COSTA RICA;LIMON;POCOCÍ
HOMICIDIO;AJUSTE DE CUENTAS/VENGANZA;22/8/2022;09:00:00 - 11:59:59;PERSONA;OTRO O INDETERMINADO [PERSONA];Mayor de edad;HOMBRE;COSTA RICA;LIMON;POCOCÍ
HOMICIDIO;AJUSTE DE CUENTAS/VENGANZA;8/7/2022;21:00:00 - 23:59:59;PERSONA;PEATON [PERSONA];Mayor de edad;HOMBRE;COSTA RICA;LIMON;LIMÓN
HOMICIDIO;AJUSTE DE CUENTAS/VENGANZA;23/8/2022;06:00:00 - 08:59:59;PERSONA;PEATON [PERSONA];Mayor de edad;MUJER;COSTA RICA;GUANACASTE;LIBERIA
HOMICIDIO;AJUSTE DE CUENTAS/VENGANZA;21/8/2022;03:00:00 - 05:59:59;PERSONA;PEATON [PERSONA];Mayor de edad;HOMBRE;COSTA RICA;GUANACASTE;CARRILLO
HOMICIDIO;AJUSTE DE CUENTAS/VENGANZA;26/8/2022;12:00:00 - 14:59:59;PERSONA;TAXISTA [PERSONA];Mayor de edad;HOMBRE;COSTA RICA;GUANACASTE;LA CRUZ
HOMICIDIO;AJUSTE DE CUENTAS/VENGANZA;28/8/2022;21:00:00 - 23:59:59;PERSONA;OTRO O INDETERMINADO [PERSONA];Mayor de edad;DESCONOCIDO;Desconocido;CARTAGO;TURRIALBA
HOMICIDIO;AJUSTE DE CUENTAS/VENGANZA;29/8/2022;12:00:00 - 14:59:59;PERSONA;PEATON [PERSONA];Mayor de edad;HOMBRE;COSTA RICA;GUANACASTE;CAÑAS
HOMICIDIO;AJUSTE DE CUENTAS/VENGANZA;30/8/2022;15:00:00 - 17:59:59;PERSONA;PEATON [PERSONA];Mayor de edad;HOMBRE;Desconocido;LIMON;SIQUIRRES
HOMICIDIO;AJUSTE DE CUENTAS/VENGANZA;30/8/2022;18:00:00 - 20:59:59;PERSONA;PEATON [PERSONA];Mayor de edad;HOMBRE;COSTA RICA;LIMON;MATINA
HOMICIDIO;AJUSTE DE CUENTAS/VENGANZA;1/9/2022;06:00:00 - 08:59:59;PERSONA;PEATON [PERSONA];Mayor de edad;HOMBRE;COSTA RICA;LIMON;TALAMANCA
HOMICIDIO;AJUSTE DE CUENTAS/VENGANZA;1/9/2022;18:00:00 - 20:59:59;PERSONA;PEATON [PERSONA];Mayor de edad;HOMBRE;COSTA RICA;LIMON;POCOCÍ
HOMICIDIO;AJUSTE DE CUENTAS/VENGANZA;5/9/2022;21:00:00 - 23:59:59;PERSONA;PEATON [PERSONA];Mayor de edad;HOMBRE;NICARAGUA;ALAJUELA;LOS CHILES
HOMICIDIO;AJUSTE DE CUENTAS/VENGANZA;7/9/2022;21:00:00 - 23:59:59;PERSONA;OTRO O INDETERMINADO [PERSONA];Mayor de edad;HOMBRE;NICARAGUA;HEREDIA;SARAPIQUÍ
HOMICIDIO;AJUSTE DE CUENTAS/VENGANZA;8/9/2022;15:00:00 - 17:59:59;PERSONA;PEATON [PERSONA];Mayor de edad;HOMBRE;COSTA RICA;ALAJUELA;UPALA
HOMICIDIO;AJUSTE DE CUENTAS/VENGANZA;8/9/2022;00:00:00 - 02:59:59;PERSONA;PEATON [PERSONA];Mayor de edad;HOMBRE;PANAMA;PUNTARENAS;CORREDORES
HOMICIDIO;AJUSTE DE CUENTAS/VENGANZA;7/9/2022;21:00:00 - 23:59:59;PERSONA;OTRO O INDETERMINADO [PERSONA];Desconocido;HOMBRE;Desconocido;SAN JOSE;SAN JOSÉ
HOMICIDIO;AJUSTE DE CUENTAS/VENGANZA;8/9/2022;00:00:00 - 02:59:59;PERSONA;EMPRESARIO/COMERCIANTE [PERSONA];Mayor de edad;HOMBRE;COSTA RICA;HEREDIA;SARAPIQUÍ
HOMICIDIO;AJUSTE DE CUENTAS/VENGANZA;8/9/2022;21:00:00 - 23:59:59;PERSONA;PEATON [PERSONA];Mayor de edad;HOMBRE;COSTA DE MARFIL;PUNTARENAS;PUNTARENAS
HOMICIDIO;AJUSTE DE CUENTAS/VENGANZA;8/7/2022;21:00:00 - 23:59:59;PERSONA;PEATON [PERSONA];Mayor de edad;HOMBRE;COSTA RICA;LIMON;LIMÓN
HOMICIDIO;AJUSTE DE CUENTAS/VENGANZA;13/7/2022;21:00:00 - 23:59:59;PERSONA;PEATON [PERSONA];Mayor de edad;HOMBRE;COSTA RICA;LIMON;LIMÓN
HOMICIDIO;AJUSTE DE CUENTAS/VENGANZA;14/9/2022;18:00:00 - 20:59:59;PERSONA;OTRO O INDETERMINADO [PERSONA];Mayor de edad;HOMBRE;COSTA RICA;SAN JOSE;DESAMPARADOS
HOMICIDIO;AJUSTE DE CUENTAS/VENGANZA;12/9/2022;21:00:00 - 23:59:59;PERSONA;OTRO O INDETERMINADO [PERSONA];Mayor de edad;HOMBRE;COSTA RICA;SAN JOSE;GOICOECHEA
HOMICIDIO;AJUSTE DE CUENTAS/VENGANZA;12/9/2022;21:00:00 - 23:59:59;PERSONA;PEATON [PERSONA];Mayor de edad;HOMBRE;COSTA RICA;SAN JOSE;SAN JOSÉ
HOMICIDIO;AJUSTE DE CUENTAS/VENGANZA;16/9/2022;03:00:00 - 05:59:59;PERSONA;PEATON [PERSONA];Mayor de edad;HOMBRE;COSTA RICA;SAN JOSE;SAN JOSÉ
HOMICIDIO;AJUSTE DE CUENTAS/VENGANZA;15/9/2022;15:00:00 - 17:59:59;PERSONA;OTRO O INDETERMINADO [PERSONA];Mayor de edad;HOMBRE;COSTA RICA;PUNTARENAS;PARRITA
HOMICIDIO;AJUSTE DE CUENTAS/VENGANZA;19/9/2022;15:00:00 - 17:59:59;PERSONA;PEATON [PERSONA];Mayor de edad;HOMBRE;COSTA RICA;PUNTARENAS;GOLFITO
HOMICIDIO;AJUSTE DE CUENTAS/VENGANZA;21/9/2022;09:00:00 - 11:59:59;PERSONA;PEATON [PERSONA];Desconocido;HOMBRE;COSTA RICA;PUNTARENAS;PUNTARENAS
HOMICIDIO;AJUSTE DE CUENTAS/VENGANZA;19/9/2022;09:00:00 - 11:59:59;PERSONA;OTRO O INDETERMINADO [PERSONA];Mayor de edad;HOMBRE;COSTA RICA;LIMON;MATINA
HOMICIDIO;AJUSTE DE CUENTAS/VENGANZA;24/9/2022;09:00:00 - 11:59:59;PERSONA;PEATON [PERSONA];Mayor de edad;HOMBRE;COSTA RICA;PUNTARENAS;PUNTARENAS
HOMICIDIO;AJUSTE DE CUENTAS/VENGANZA;26/9/2022;12:00:00 - 14:59:59;PERSONA;OTRO O INDETERMINADO [PERSONA];Mayor de edad;HOMBRE;COSTA RICA;LIMON;TALAMANCA
HOMICIDIO;AJUSTE DE CUENTAS/VENGANZA;28/9/2022;00:00:00 - 02:59:59;PERSONA;PEATON [PERSONA];Mayor de edad;HOMBRE;COSTA RICA;SAN JOSE;GOICOECHEA
HOMICIDIO;AJUSTE DE CUENTAS/VENGANZA;28/9/2022;09:00:00 - 11:59:59;PERSONA;OTRO O INDETERMINADO [PERSONA];Mayor de edad;HOMBRE;Desconocido;ALAJUELA;ALAJUELA
HOMICIDIO;AJUSTE DE CUENTAS/VENGANZA;17/7/2022;12:00:00 - 14:59:59;PERSONA;PEATON [PERSONA];Mayor de edad;HOMBRE;COSTA RICA;LIMON;LIMÓN
HOMICIDIO;AJUSTE DE CUENTAS/VENGANZA;1/10/2022;00:00:00 - 02:59:59;PERSONA;OTRO O INDETERMINADO [PERSONA];Mayor de edad;HOMBRE;COSTA RICA;LIMON;POCOCÍ
HOMICIDIO;AJUSTE DE CUENTAS/VENGANZA;30/9/2022;18:00:00 - 20:59:59;PERSONA;OTRO O INDETERMINADO [PERSONA];Mayor de edad;HOMBRE;COSTA RICA;CARTAGO;CARTAGO
HOMICIDIO;AJUSTE DE CUENTAS/VENGANZA;2/10/2022;18:00:00 - 20:59:59;PERSONA;OTRO O INDETERMINADO [PERSONA];Desconocido;HOMBRE;Desconocido;GUANACASTE;LA CRUZ
HOMICIDIO;AJUSTE DE CUENTAS/VENGANZA;2/10/2022;00:00:00 - 02:59:59;PERSONA;PEATON [PERSONA];Mayor de edad;HOMBRE;COSTA RICA;SAN JOSE;SAN JOSÉ
HOMICIDIO;AJUSTE DE CUENTAS/VENGANZA;23/7/2022;15:00:00 - 17:59:59;PERSONA;PEATON [PERSONA];Mayor de edad;HOMBRE;COSTA RICA;LIMON;LIMÓN
HOMICIDIO;AJUSTE DE CUENTAS/VENGANZA;2/10/2022;06:00:00 - 08:59:59;PERSONA;PEATON [PERSONA];Mayor de edad;HOMBRE;COSTA RICA;PUNTARENAS;PUNTARENAS
HOMICIDIO;AJUSTE DE CUENTAS/VENGANZA;14/9/2022;18:00:00 - 20:59:59;PERSONA;OTRO O INDETERMINADO [PERSONA];Menor de edad;HOMBRE;COSTA RICA;SAN JOSE;DESAMPARADOS
HOMICIDIO;AJUSTE DE CUENTAS/VENGANZA;3/10/2022;21:00:00 - 23:59:59;PERSONA;PEATON [PERSONA];Mayor de edad;HOMBRE;COSTA RICA;HEREDIA;SAN RAFAEL
HOMICIDIO;AJUSTE DE CUENTAS/VENGANZA;8/10/2022;18:00:00 - 20:59:59;PERSONA;OTRO O INDETERMINADO [PERSONA];Desconocido;HOMBRE;NICARAGUA;HEREDIA;SARAPIQUÍ
HOMICIDIO;AJUSTE DE CUENTAS/VENGANZA;9/10/2022;12:00:00 - 14:59:59;PERSONA;PEATON [PERSONA];Mayor de edad;HOMBRE;COSTA RICA;PUNTARENAS;PUNTARENAS
HOMICIDIO;AJUSTE DE CUENTAS/VENGANZA;24/7/2022;18:00:00 - 20:59:59;PERSONA;PEATON [PERSONA];Mayor de edad;HOMBRE;COSTA RICA;LIMON;LIMÓN
HOMICIDIO;AJUSTE DE CUENTAS/VENGANZA;3/10/2022;21:00:00 - 23:59:59;PERSONA;PEATON [PERSONA];Desconocido;HOMBRE;NICARAGUA;PUNTARENAS;PUNTARENAS
HOMICIDIO;AJUSTE DE CUENTAS/VENGANZA;8/10/2022;18:00:00 - 20:59:59;PERSONA;DROGADICTO [PERSONA];Mayor de edad;HOMBRE;COSTA RICA;SAN JOSE;TIBÁS
HOMICIDIO;AJUSTE DE CUENTAS/VENGANZA;9/10/2022;03:00:00 - 05:59:59;PERSONA;PEATON [PERSONA];Mayor de edad;HOMBRE;COSTA RICA;PUNTARENAS;OSA
HOMICIDIO;AJUSTE DE CUENTAS/VENGANZA;12/10/2022;00:00:00 - 02:59:59;PERSONA;PEATON [PERSONA];Mayor de edad;HOMBRE;COSTA RICA;PUNTARENAS;PUNTARENAS
HOMICIDIO;AJUSTE DE CUENTAS/VENGANZA;13/10/2022;00:00:00 - 02:59:59;PERSONA;PEATON [PERSONA];Mayor de edad;HOMBRE;COSTA RICA;SAN JOSE;GOICOECHEA
HOMICIDIO;AJUSTE DE CUENTAS/VENGANZA;17/10/2022;21:00:00 - 23:59:59;PERSONA;PEATON [PERSONA];Mayor de edad;HOMBRE;COSTA RICA;GUANACASTE;NICOYA
HOMICIDIO;AJUSTE DE CUENTAS/VENGANZA;21/10/2022;12:00:00 - 14:59:59;PERSONA;PEATON [PERSONA];Mayor de edad;HOMBRE;COSTA RICA;GUANACASTE;LIBERIA
HOMICIDIO;AJUSTE DE CUENTAS/VENGANZA;3/8/2022;21:00:00 - 23:59:59;PERSONA;PEATON [PERSONA];Mayor de edad;HOMBRE;COSTA RICA;LIMON;LIMÓN
HOMICIDIO;AJUSTE DE CUENTAS/VENGANZA;22/10/2022;12:00:00 - 14:59:59;PERSONA;PEATON [PERSONA];Mayor de edad;DESCONOCIDO;COSTA RICA;PUNTARENAS;PUNTARENAS
HOMICIDIO;AJUSTE DE CUENTAS/VENGANZA;20/10/2022;15:00:00 - 17:59:59;PERSONA;OTRO O INDETERMINADO [PERSONA];Mayor de edad;HOMBRE;COSTA RICA;HEREDIA;SANTO DOMINGO
HOMICIDIO;AJUSTE DE CUENTAS/VENGANZA;18/10/2022;15:00:00 - 17:59:59;PERSONA;OTRO O INDETERMINADO [PERSONA];Mayor de edad;MUJER;COSTA RICA;LIMON;SIQUIRRES
HOMICIDIO;AJUSTE DE CUENTAS/VENGANZA;23/10/2022;06:00:00 - 08:59:59;PERSONA;PEATON [PERSONA];Desconocido;HOMBRE;NICARAGUA;ALAJUELA;SAN CARLOS
HOMICIDIO;AJUSTE DE CUENTAS/VENGANZA;25/10/2022;00:00:00 - 02:59:59;PERSONA;PEATON [PERSONA];Menor de edad;DESCONOCIDO;COSTA RICA;ALAJUELA;SAN CARLOS
HOMICIDIO;AJUSTE DE CUENTAS/VENGANZA;25/10/2022;00:00:00 - 02:59:59;PERSONA;PEATON [PERSONA];Mayor de edad;DESCONOCIDO;COSTA RICA;ALAJUELA;SAN CARLOS
HOMICIDIO;AJUSTE DE CUENTAS/VENGANZA;6/8/2022;00:00:00 - 02:59:59;PERSONA;PEATON [PERSONA];Mayor de edad;HOMBRE;COSTA RICA;LIMON;LIMÓN
HOMICIDIO;AJUSTE DE CUENTAS/VENGANZA;6/8/2022;00:00:00 - 02:59:59;PERSONA;PEATON [PERSONA];Mayor de edad;HOMBRE;COSTA RICA;LIMON;LIMÓN
HOMICIDIO;AJUSTE DE CUENTAS/VENGANZA;26/10/2022;06:00:00 - 08:59:59;PERSONA;OTRO O INDETERMINADO [PERSONA];Adulto Mayor;MUJER;COSTA RICA;SAN JOSE;GOICOECHEA
HOMICIDIO;AJUSTE DE CUENTAS/VENGANZA;26/10/2022;18:00:00 - 20:59:59;PERSONA;OTRO O INDETERMINADO [PERSONA];Mayor de edad;HOMBRE;COSTA RICA;LIMON;SIQUIRRES
HOMICIDIO;AJUSTE DE CUENTAS/VENGANZA;26/10/2022;12:00:00 - 14:59:59;PERSONA;PEATON [PERSONA];Mayor de edad;HOMBRE;COSTA RICA;ALAJUELA;SAN CARLOS
HOMICIDIO;AJUSTE DE CUENTAS/VENGANZA;27/10/2022;18:00:00 - 20:59:59;PERSONA;PEATON [PERSONA];Mayor de edad;DESCONOCIDO;COSTA RICA;PUNTARENAS;PUNTARENAS
HOMICIDIO;AJUSTE DE CUENTAS/VENGANZA;20/10/2022;15:00:00 - 17:59:59;PERSONA;OTRO O INDETERMINADO [PERSONA];Mayor de edad;HOMBRE;COSTA RICA;HEREDIA;SANTO DOMINGO
HOMICIDIO;AJUSTE DE CUENTAS/VENGANZA;31/10/2022;21:00:00 - 23:59:59;PERSONA;PEATON [PERSONA];Mayor de edad;HOMBRE;COSTA RICA;SAN JOSE;ASERRÍ
HOMICIDIO;AJUSTE DE CUENTAS/VENGANZA;31/10/2022;21:00:00 - 23:59:59;PERSONA;PEATON [PERSONA];Mayor de edad;HOMBRE;COSTA RICA;PUNTARENAS;PUNTARENAS
HOMICIDIO;AJUSTE DE CUENTAS/VENGANZA;3/11/2022;03:00:00 - 05:59:59;PERSONA;MENOR DE EDAD [PERSONA];Menor de edad;HOMBRE;COSTA RICA;PUNTARENAS;PUNTARENAS
HOMICIDIO;AJUSTE DE CUENTAS/VENGANZA;3/11/2022;06:00:00 - 08:59:59;PERSONA;OTRO O INDETERMINADO [PERSONA];Mayor de edad;HOMBRE;COSTA RICA;GUANACASTE;TILARÁN
HOMICIDIO;AJUSTE DE CUENTAS/VENGANZA;6/11/2022;21:00:00 - 23:59:59;PERSONA;OTRO O INDETERMINADO [PERSONA];Mayor de edad;HOMBRE;COSTA RICA;GUANACASTE;CARRILLO
HOMICIDIO;AJUSTE DE CUENTAS/VENGANZA;9/11/2022;00:00:00 - 02:59:59;PERSONA;OTRO O INDETERMINADO [PERSONA];Mayor de edad;HOMBRE;COSTA RICA;SAN JOSE;PÉREZ ZELEDÓN
HOMICIDIO;AJUSTE DE CUENTAS/VENGANZA;8/11/2022;21:00:00 - 23:59:59;PERSONA;OTRO O INDETERMINADO [PERSONA];Mayor de edad;HOMBRE;COSTA RICA;HEREDIA;SARAPIQUÍ
HOMICIDIO;AJUSTE DE CUENTAS/VENGANZA;8/11/2022;21:00:00 - 23:59:59;PERSONA;OTRO O INDETERMINADO [PERSONA];Mayor de edad;HOMBRE;COSTA RICA;HEREDIA;SARAPIQUÍ
HOMICIDIO;DISCUSION/RI&#209;1/3/2022;18:00:00 - 20:59:59;PERSONA;PEATON [PERSONA];Mayor de edad;HOMBRE;COSTA RICA;LIMON;MATINA
HOMICIDIO;DISCUSION/RI&#209;2/1/2022;21:00:00 - 23:59:59;PERSONA;OTRO O INDETERMINADO [PERSONA];Mayor de edad;HOMBRE;COSTA RICA;HEREDIA;BARVA
HOMICIDIO;DISCUSION/RI&#209;5/1/2022;09:00:00 - 11:59:59;PERSONA;OTRO O INDETERMINADO [PERSONA];Mayor de edad;DESCONOCIDO;Desconocido;SAN JOSE;TIBÁS
HOMICIDIO;DISCUSION/RI&#209;10/1/2022;21:00:00 - 23:59:59;PERSONA;PEATON [PERSONA];Desconocido;HOMBRE;COSTA RICA;GUANACASTE;LIBERIA
HOMICIDIO;DISCUSION/RI&#209;15/1/2022;09:00:00 - 11:59:59;PERSONA;PRIVADO DE LIBERTAD [PERSONA];Mayor de edad;HOMBRE;COSTA RICA;ALAJUELA;ALAJUELA
HOMICIDIO;DISCUSION/RI&#209;17/1/2022;03:00:00 - 05:59:59;PERSONA;PEATON [PERSONA];Mayor de edad;HOMBRE;COSTA RICA;GUANACASTE;LIBERIA
HOMICIDIO;DISCUSION/RI&#209;20/1/2022;03:00:00 - 05:59:59;PERSONA;PEATON [PERSONA];Mayor de edad;HOMBRE;COSTA RICA;SAN JOSE;PURISCAL
HOMICIDIO;DISCUSION/RI&#209;30/1/2022;00:00:00 - 02:59:59;PERSONA;PRIVADO DE LIBERTAD [PERSONA];Mayor de edad;DESCONOCIDO;COSTA RICA;ALAJUELA;ALAJUELA
HOMICIDIO;DISCUSION/RI&#209;4/2/2022;21:00:00 - 23:59:59;PERSONA;OTRO O INDETERMINADO [PERSONA];Desconocido;HOMBRE;NICARAGUA;ALAJUELA;ALAJUELA
HOMICIDIO;DISCUSION/RI&#209;7/2/2022;15:00:00 - 17:59:59;PERSONA;OTRO O INDETERMINADO [PERSONA];Mayor de edad;MUJER;COSTA RICA;HEREDIA;HEREDIA
HOMICIDIO;DISCUSION/RI&#209;12/2/2022;06:00:00 - 08:59:59;PERSONA;PEATON [PERSONA];Menor de edad;HOMBRE;COSTA RICA;PUNTARENAS;BUENOS AIRES
HOMICIDIO;DISCUSION/RI&#209;12/2/2022;06:00:00 - 08:59:59;PERSONA;OTRO O INDETERMINADO [PERSONA];Mayor de edad;HOMBRE;COSTA RICA;ALAJUELA;Valverde Vega
HOMICIDIO;AJUSTE DE CUENTAS/VENGANZA;10/8/2022;18:00:00 - 20:59:59;PERSONA;PEATON [PERSONA];Mayor de edad;HOMBRE;COSTA RICA;LIMON;LIMÓN
HOMICIDIO;DISCUSION/RI&#209;18/2/2022;18:00:00 - 20:59:59;PERSONA;PEATON [PERSONA];Mayor de edad;HOMBRE;NICARAGUA;SAN JOSE;SAN JOSÉ
HOMICIDIO;DISCUSION/RI&#209;19/2/2022;18:00:00 - 20:59:59;PERSONA;PRIVADO DE LIBERTAD [PERSONA];Mayor de edad;HOMBRE;COSTA RICA;ALAJUELA;ALAJUELA
HOMICIDIO;DISCUSION/RI&#209;19/2/2022;18:00:00 - 20:59:59;PERSONA;PEATON [PERSONA];Mayor de edad;HOMBRE;COSTA RICA;SAN JOSE;ASERRÍ
HOMICIDIO;DISCUSION/RI&#209;26/2/2022;15:00:00 - 17:59:59;PERSONA;PEATON [PERSONA];Mayor de edad;HOMBRE;COSTA RICA;CARTAGO;CARTAGO
HOMICIDIO;AJUSTE DE CUENTAS/VENGANZA;15/8/2022;03:00:00 - 05:59:59;PERSONA;PEATON [PERSONA];Mayor de edad;HOMBRE;COSTA RICA;LIMON;LIMÓN
HOMICIDIO;DISCUSION/RI&#209;2/3/2022;00:00:00 - 02:59:59;PERSONA;PEATON [PERSONA];Desconocido;HOMBRE;COSTA RICA;PUNTARENAS;COTO BRUS
HOMICIDIO;DISCUSION/RI&#209;6/3/2022;18:00:00 - 20:59:59;PERSONA;PEATON [PERSONA];Mayor de edad;DESCONOCIDO;COSTA RICA;ALAJUELA;POÁS
HOMICIDIO;DISCUSION/RI&#209;7/3/2022;00:00:00 - 02:59:59;PERSONA;PEATON [PERSONA];Mayor de edad;HOMBRE;COSTA RICA;PUNTARENAS;GARABITO
HOMICIDIO;AJUSTE DE CUENTAS/VENGANZA;22/8/2022;18:00:00 - 20:59:59;PERSONA;PEATON [PERSONA];Mayor de edad;HOMBRE;COSTA RICA;LIMON;LIMÓN
HOMICIDIO;DISCUSION/RI&#209;13/3/2022;00:00:00 - 02:59:59;PERSONA;OTRO O INDETERMINADO [PERSONA];Desconocido;HOMBRE;Desconocido;SAN JOSE;SAN JOSÉ
HOMICIDIO;DISCUSION/RI&#209;17/3/2022;18:00:00 - 20:59:59;PERSONA;OTRO O INDETERMINADO [PERSONA];Mayor de edad;DESCONOCIDO;COSTA RICA;ALAJUELA;NARANJO
HOMICIDIO;DISCUSION/RI&#209;23/3/2022;09:00:00 - 11:59:59;PERSONA;PRIVADO DE LIBERTAD [PERSONA];Mayor de edad;HOMBRE;COSTA RICA;ALAJUELA;ALAJUELA
HOMICIDIO;DISCUSION/RI&#209;26/3/2022;00:00:00 - 02:59:59;PERSONA;PEATON [PERSONA];Mayor de edad;HOMBRE;COSTA RICA;GUANACASTE;SANTA CRUZ
HOMICIDIO;DISCUSION/RI&#209;27/3/2022;18:00:00 - 20:59:59;PERSONA;OTRO O INDETERMINADO [PERSONA];Mayor de edad;HOMBRE;NICARAGUA;SAN JOSE;SAN JOSÉ
HOMICIDIO;DISCUSION/RI&#209;9/8/2022;00:00:00 - 02:59:59;PERSONA;PEATON [PERSONA];Mayor de edad;HOMBRE;COSTA RICA;ALAJUELA;ALAJUELA
HOMICIDIO;DISCUSION/RI&#209;9/4/2022;06:00:00 - 08:59:59;PERSONA;FINQUERO [PERSONA];Mayor de edad;DESCONOCIDO;COSTA RICA;ALAJUELA;UPALA
HOMICIDIO;DISCUSION/RI&#209;17/4/2022;00:00:00 - 02:59:59;PERSONA;OTRO O INDETERMINADO [PERSONA];Mayor de edad;HOMBRE;COSTA RICA;SAN JOSE;SAN JOSÉ
HOMICIDIO;DISCUSION/RI&#209;19/4/2022;21:00:00 - 23:59:59;PERSONA;OTRO O INDETERMINADO [PERSONA];Mayor de edad;HOMBRE;COSTA RICA;ALAJUELA;ATENAS
HOMICIDIO;DISCUSION/RI&#209;21/4/2022;21:00:00 - 23:59:59;PERSONA;PEATON [PERSONA];Mayor de edad;HOMBRE;COSTA RICA;GUANACASTE;SANTA CRUZ
HOMICIDIO;DISCUSION/RI&#209;22/4/2022;09:00:00 - 11:59:59;PERSONA;PEATON [PERSONA];Mayor de edad;HOMBRE;NICARAGUA;ALAJUELA;SAN CARLOS
HOMICIDIO;AJUSTE DE CUENTAS/VENGANZA;13/9/2022;06:00:00 - 08:59:59;PERSONA;OTRO O INDETERMINADO [PERSONA];Mayor de edad;HOMBRE;COSTA RICA;LIMON;LIMÓN
HOMICIDIO;DISCUSION/RI&#209;22/4/2022;00:00:00 - 02:59:59;PERSONA;OTRO O INDETERMINADO [PERSONA];Mayor de edad;DESCONOCIDO;COSTA RICA;CARTAGO;OREAMUNO
HOMICIDIO;DISCUSION/RI&#209;25/4/2022;00:00:00 - 02:59:59;PERSONA;PEATON [PERSONA];Desconocido;HOMBRE;NICARAGUA;PUNTARENAS;GARABITO
HOMICIDIO;DISCUSION/RI&#209;30/4/2022;12:00:00 - 14:59:59;PERSONA;OTRO O INDETERMINADO [PERSONA];Mayor de edad;DESCONOCIDO;COSTA RICA;SAN JOSE;GOICOECHEA
HOMICIDIO;DISCUSION/RI&#209;30/4/2022;21:00:00 - 23:59:59;PERSONA;PEATON [PERSONA];Mayor de edad;HOMBRE;NICARAGUA;ALAJUELA;ALAJUELA
HOMICIDIO;AJUSTE DE CUENTAS/VENGANZA;30/9/2022;21:00:00 - 23:59:59;PERSONA;PEATON [PERSONA];Mayor de edad;HOMBRE;COSTA RICA;LIMON;LIMÓN
HOMICIDIO;DISCUSION/RI&#209;7/5/2022;21:00:00 - 23:59:59;PERSONA;DROGADICTO [PERSONA];Mayor de edad;HOMBRE;Desconocido;ALAJUELA;SAN CARLOS
HOMICIDIO;DISCUSION/RI&#209;9/5/2022;06:00:00 - 08:59:59;PERSONA;FINQUERO [PERSONA];Mayor de edad;HOMBRE;COSTA RICA;HEREDIA;SARAPIQUÍ
HOMICIDIO;DISCUSION/RI&#209;10/5/2022;12:00:00 - 14:59:59;PERSONA;PRIVADO DE LIBERTAD [PERSONA];Mayor de edad;HOMBRE;COSTA RICA;SAN JOSE;PÉREZ ZELEDÓN
HOMICIDIO;DISCUSION/RI&#209;16/5/2022;09:00:00 - 11:59:59;PERSONA;OTRO O INDETERMINADO [PERSONA];Mayor de edad;HOMBRE;COSTA RICA;SAN JOSE;ALAJUELITA
HOMICIDIO;DISCUSION/RI&#209;22/5/2022;03:00:00 - 05:59:59;PERSONA;OTRO O INDETERMINADO [PERSONA];Mayor de edad;HOMBRE;COSTA RICA;HEREDIA;SAN RAFAEL
HOMICIDIO;DISCUSION/RI&#209;22/5/2022;06:00:00 - 08:59:59;PERSONA;OTRO O INDETERMINADO [PERSONA];Mayor de edad;HOMBRE;COSTA RICA;GUANACASTE;NICOYA
HOMICIDIO;DISCUSION/RI&#209;29/5/2022;15:00:00 - 17:59:59;PERSONA;PRIVADO DE LIBERTAD [PERSONA];Mayor de edad;HOMBRE;COSTA RICA;ALAJUELA;ALAJUELA
HOMICIDIO;DISCUSION/RI&#209;29/5/2022;15:00:00 - 17:59:59;PERSONA;PRIVADO DE LIBERTAD [PERSONA];Mayor de edad;HOMBRE;COSTA RICA;ALAJUELA;ALAJUELA
HOMICIDIO;DISCUSION/RI&#209;5/6/2022;00:00:00 - 02:59:59;PERSONA;FINQUERO [PERSONA];Desconocido;HOMBRE;NICARAGUA;GUANACASTE;BAGACES
HOMICIDIO;DISCUSION/RI&#209;9/6/2022;06:00:00 - 08:59:59;PERSONA;OTRO O INDETERMINADO [PERSONA];Desconocido;HOMBRE;NICARAGUA;ALAJUELA;PALMARES
HOMICIDIO;DISCUSION/RI&#209;11/6/2022;00:00:00 - 02:59:59;PERSONA;OTRO O INDETERMINADO [PERSONA];Mayor de edad;DESCONOCIDO;COSTA RICA;ALAJUELA;ALAJUELA
HOMICIDIO;DISCUSION/RI&#209;13/6/2022;00:00:00 - 02:59:59;PERSONA;PEATON [PERSONA];Mayor de edad;HOMBRE;COSTA RICA;PUNTARENAS;ESPARZA
HOMICIDIO;DISCUSION/RI&#209;10/6/2022;00:00:00 - 02:59:59;PERSONA;PEATON [PERSONA];Mayor de edad;DESCONOCIDO;COSTA RICA;PUNTARENAS;GARABITO
HOMICIDIO;DISCUSION/RI&#209;18/6/2022;03:00:00 - 05:59:59;PERSONA;OTRO O INDETERMINADO [PERSONA];Desconocido;HOMBRE;COSTA RICA;SAN JOSE;SAN JOSÉ
HOMICIDIO;DISCUSION/RI&#209;19/6/2022;06:00:00 - 08:59:59;PERSONA;PEATON [PERSONA];Desconocido;HOMBRE;NICARAGUA;HEREDIA;HEREDIA
HOMICIDIO;DISCUSION/RI&#209;22/6/2022;15:00:00 - 17:59:59;PERSONA;PEATON [PERSONA];Mayor de edad;HOMBRE;COSTA RICA;ALAJUELA;SAN CARLOS
HOMICIDIO;DISCUSION/RI&#209;24/6/2022;06:00:00 - 08:59:59;PERSONA;PRIVADO DE LIBERTAD [PERSONA];Mayor de edad;HOMBRE;COSTA RICA;ALAJUELA;ALAJUELA
HOMICIDIO;DISCUSION/RI&#209;1/7/2022;15:00:00 - 17:59:59;PERSONA;PEATON [PERSONA];Mayor de edad;HOMBRE;COSTA RICA;PUNTARENAS;GARABITO
HOMICIDIO;DISCUSION/RI&#209;2/7/2022;21:00:00 - 23:59:59;PERSONA;EMPRESARIO/COMERCIANTE [PERSONA];Mayor de edad;HOMBRE;COSTA RICA;PUNTARENAS;QUEPOS
HOMICIDIO;DISCUSION/RI&#209;11/7/2022;00:00:00 - 02:59:59;PERSONA;CLIENTE LOCAL COMERCIAL [PERSONA];Mayor de edad;HOMBRE;COSTA RICA;PUNTARENAS;BUENOS AIRES
HOMICIDIO;AJUSTE DE CUENTAS/VENGANZA;22/10/2022;09:00:00 - 11:59:59;PERSONA;OTRO O INDETERMINADO [PERSONA];Mayor de edad;HOMBRE;COSTA RICA;LIMON;LIMÓN
HOMICIDIO;DISCUSION/RI&#209;17/7/2022;00:00:00 - 02:59:59;PERSONA;PEATON [PERSONA];Desconocido;HOMBRE;COSTA RICA;HEREDIA;HEREDIA
HOMICIDIO;DISCUSION/RI&#209;19/7/2022;15:00:00 - 17:59:59;PERSONA;OTRO O INDETERMINADO [PERSONA];Mayor de edad;HOMBRE;COSTA RICA;SAN JOSE;SAN JOSÉ
HOMICIDIO;DISCUSION/RI&#209;21/7/2022;12:00:00 - 14:59:59;PERSONA;PRIVADO DE LIBERTAD [PERSONA];Mayor de edad;HOMBRE;COSTA RICA;ALAJUELA;ALAJUELA
HOMICIDIO;DISCUSION/RI&#209;22/7/2022;15:00:00 - 17:59:59;PERSONA;PEATON [PERSONA];Mayor de edad;HOMBRE;COSTA RICA;ALAJUELA;SAN CARLOS
HOMICIDIO;AJUSTE DE CUENTAS/VENGANZA;25/10/2022;21:00:00 - 23:59:59;PERSONA;OTRO O INDETERMINADO [PERSONA];Mayor de edad;HOMBRE;COSTA RICA;LIMON;LIMÓN
HOMICIDIO;DISCUSION/RI&#209;30/7/2022;06:00:00 - 08:59:59;PERSONA;OTRO O INDETERMINADO [PERSONA];Mayor de edad;HOMBRE;NICARAGUA;SAN JOSE;SAN JOSÉ
HOMICIDIO;DISCUSION/RI&#209;7/8/2022;12:00:00 - 14:59:59;PERSONA;EMPRESARIO/COMERCIANTE [PERSONA];Adulto Mayor;HOMBRE;COSTA RICA;ALAJUELA;RIO CUARTO
HOMICIDIO;DISCUSION/RI&#209;9/8/2022;15:00:00 - 17:59:59;PERSONA;PEATON [PERSONA];Mayor de edad;HOMBRE;COSTA RICA;ALAJUELA;LOS CHILES
HOMICIDIO;DISCUSION/RI&#209;9/8/2022;00:00:00 - 02:59:59;PERSONA;PRIVADO DE LIBERTAD [PERSONA];Mayor de edad;HOMBRE;COSTA RICA;ALAJUELA;ALAJUELA
HOMICIDIO;AJUSTE DE CUENTAS/VENGANZA;25/10/2022;21:00:00 - 23:59:59;PERSONA;OTRO O INDETERMINADO [PERSONA];Mayor de edad;HOMBRE;COSTA RICA;LIMON;LIMÓN
HOMICIDIO;DISCUSION/RI&#209;14/8/2022;00:00:00 - 02:59:59;PERSONA;CLIENTE LOCAL COMERCIAL [PERSONA];Mayor de edad;HOMBRE;NICARAGUA;ALAJUELA;GRECIA
HOMICIDIO;DISCUSION/RI&#209;16/8/2022;06:00:00 - 08:59:59;PERSONA;PEATON [PERSONA];Mayor de edad;MUJER;COSTA RICA;PUNTARENAS;CORREDORES
HOMICIDIO;DISCUSION/RI&#209;16/8/2022;21:00:00 - 23:59:59;PERSONA;OTRO O INDETERMINADO [PERSONA];Mayor de edad;DESCONOCIDO;COSTA RICA;ALAJUELA;ALAJUELA
HOMICIDIO;DISCUSION/RI&#209;18/8/2022;21:00:00 - 23:59:59;PERSONA;OTRO O INDETERMINADO [PERSONA];Mayor de edad;HOMBRE;COSTA RICA;ALAJUELA;ALAJUELA
HOMICIDIO;DISCUSION/RI&#209;17/2/2022;18:00:00 - 20:59:59;PERSONA;PEATON [PERSONA];Mayor de edad;HOMBRE;COSTA RICA;LIMON;LIMÓN
HOMICIDIO;DISCUSION/RI&#209;29/8/2022;09:00:00 - 11:59:59;PERSONA;FINQUERO [PERSONA];Desconocido;HOMBRE;Desconocido;GUANACASTE;BAGACES
HOMICIDIO;DISCUSION/RI&#209;2/9/2022;03:00:00 - 05:59:59;PERSONA;PEATON [PERSONA];Mayor de edad;HOMBRE;COSTA RICA;ALAJUELA;SAN RAMON
HOMICIDIO;DISCUSION/RI&#209;5/9/2022;00:00:00 - 02:59:59;PERSONA;CLIENTE LOCAL COMERCIAL [PERSONA];Mayor de edad;HOMBRE;COSTA RICA;CARTAGO;CARTAGO
HOMICIDIO;DISCUSION/RI&#209;5/9/2022;00:00:00 - 02:59:59;PERSONA;PEATON [PERSONA];Mayor de edad;HOMBRE;COSTA RICA;PUNTARENAS;BUENOS AIRES
HOMICIDIO;DISCUSION/RI&#209;27/2/2022;00:00:00 - 02:59:59;PERSONA;PEATON [PERSONA];Mayor de edad;HOMBRE;COSTA RICA;LIMON;LIMÓN
HOMICIDIO;DISCUSION/RI&#209;11/9/2022;06:00:00 - 08:59:59;PERSONA;PEATON [PERSONA];Mayor de edad;HOMBRE;COSTA RICA;SAN JOSE;ASERRÍ
HOMICIDIO;DISCUSION/RI&#209;14/9/2022;21:00:00 - 23:59:59;PERSONA;PEATON [PERSONA];Mayor de edad;HOMBRE;COSTA RICA;CARTAGO;TURRIALBA
HOMICIDIO;DISCUSION/RI&#209;16/9/2022;21:00:00 - 23:59:59;PERSONA;PEATON [PERSONA];Mayor de edad;HOMBRE;NICARAGUA;GUANACASTE;NICOYA
HOMICIDIO;DISCUSION/RI&#209;17/9/2022;15:00:00 - 17:59:59;PERSONA;PEATON [PERSONA];Desconocido;HOMBRE;Desconocido;ALAJUELA;SAN CARLOS
HOMICIDIO;DISCUSION/RI&#209;29/9/2022;18:00:00 - 20:59:59;PERSONA;PEATON [PERSONA];Menor de edad;HOMBRE;COSTA RICA;CARTAGO;CARTAGO
HOMICIDIO;DISCUSION/RI&#209;29/9/2022;12:00:00 - 14:59:59;PERSONA;PEATON [PERSONA];Mayor de edad;HOMBRE;COSTA RICA;HEREDIA;FLORES
HOMICIDIO;DISCUSION/RI&#209;3/10/2022;00:00:00 - 02:59:59;PERSONA;PEATON [PERSONA];Mayor de edad;HOMBRE;Desconocido;SAN JOSE;SAN JOSÉ
HOMICIDIO;DISCUSION/RI&#209;23/10/2022;12:00:00 - 14:59:59;PERSONA;OTRO O INDETERMINADO [PERSONA];Desconocido;HOMBRE;Desconocido;SAN JOSE;SAN JOSÉ
HOMICIDIO;DISCUSION/RI&#209;27/10/2022;12:00:00 - 14:59:59;PERSONA;OTRO O INDETERMINADO [PERSONA];Adulto Mayor;HOMBRE;COSTA RICA;SAN JOSE;ALAJUELITA
HOMICIDIO;DISCUSION/RI&#209;27/10/2022;18:00:00 - 20:59:59;PERSONA;PEATON [PERSONA];Mayor de edad;DESCONOCIDO;COSTA RICA;PUNTARENAS;PUNTARENAS
HOMICIDIO;DISCUSION/RI&#209;1/11/2022;00:00:00 - 02:59:59;PERSONA;INDIGENTE [PERSONA];Mayor de edad;DESCONOCIDO;Desconocido;SAN JOSE;SAN JOSÉ
HOMICIDIO;DISCUSION/RI&#209;29/10/2022;21:00:00 - 23:59:59;PERSONA;OTRO O INDETERMINADO [PERSONA];Mayor de edad;HOMBRE;NICARAGUA;HEREDIA;SARAPIQUÍ
HOMICIDIO;DISCUSION/RI&#209;6/11/2022;00:00:00 - 02:59:59;PERSONA;CLIENTE BANCARIO [PERSONA];Mayor de edad;DESCONOCIDO;COSTA RICA;LIMON;SIQUIRRES
HOMICIDIO;DISCUSION/RI&#209;12/11/2022;06:00:00 - 08:59:59;PERSONA;MENOR DE EDAD [PERSONA];Menor de edad;DESCONOCIDO;COSTA RICA;PUNTARENAS;PUNTARENAS
HOMICIDIO;DISCUSION/RI&#209;12/11/2022;21:00:00 - 23:59:59;PERSONA;PEATON [PERSONA];Mayor de edad;HOMBRE;PANAMA;PUNTARENAS;COTO BRUS
HOMICIDIO;DISCUSION/RI&#209;12/11/2022;03:00:00 - 05:59:59;PERSONA;OTRO O INDETERMINADO [PERSONA];Menor de edad;MUJER;COSTA RICA;HEREDIA;HEREDIA
HOMICIDIO;DISCUSION/RI&#209;12/11/2022;03:00:00 - 05:59:59;PERSONA;OTRO O INDETERMINADO [PERSONA];Mayor de edad;HOMBRE;COSTA RICA;HEREDIA;HEREDIA
HOMICIDIO;DISCUSION/RI&#209;15/11/2022;00:00:00 - 02:59:59;PERSONA;PEATON [PERSONA];Mayor de edad;HOMBRE;COSTA RICA;HEREDIA;SANTO DOMINGO
HOMICIDIO;FEMICIDIO;11/1/2022;00:00:00 - 02:59:59;PERSONA;OTRO O INDETERMINADO [PERSONA];Mayor de edad;MUJER;COSTA RICA;HEREDIA;SAN RAFAEL
HOMICIDIO;FEMICIDIO;19/2/2022;06:00:00 - 08:59:59;PERSONA;OTRO O INDETERMINADO [PERSONA];Mayor de edad;MUJER;COSTA RICA;HEREDIA;HEREDIA
HOMICIDIO;FEMICIDIO;21/2/2022;00:00:00 - 02:59:59;PERSONA;PEATON [PERSONA];Mayor de edad;MUJER;COSTA RICA;LIMON;MATINA
HOMICIDIO;FEMICIDIO;3/3/2022;21:00:00 - 23:59:59;PERSONA;OTRO O INDETERMINADO [PERSONA];Mayor de edad;MUJER;COSTA RICA;GUANACASTE;SANTA CRUZ
HOMICIDIO;FEMICIDIO;6/5/2022;06:00:00 - 08:59:59;PERSONA;OTRO O INDETERMINADO [PERSONA];Mayor de edad;MUJER;NICARAGUA;ALAJUELA;ALAJUELA
HOMICIDIO;FEMICIDIO;13/5/2022;03:00:00 - 05:59:59;PERSONA;OTRO O INDETERMINADO [PERSONA];Mayor de edad;MUJER;COSTA RICA;HEREDIA;HEREDIA
HOMICIDIO;FEMICIDIO;18/9/2022;09:00:00 - 11:59:59;PERSONA;PEATON [PERSONA];Mayor de edad;MUJER;COSTA RICA;PUNTARENAS;CORREDORES
HOMICIDIO;NO DETERMINADO;14/1/2022;12:00:00 - 14:59:59;PERSONA;OTRO O INDETERMINADO [PERSONA];Mayor de edad;HOMBRE;COSTA RICA;SAN JOSE;SAN JOSÉ
HOMICIDIO;NO DETERMINADO;17/1/2022;18:00:00 - 20:59:59;PERSONA;OTRO O INDETERMINADO [PERSONA];Mayor de edad;HOMBRE;COSTA RICA;PUNTARENAS;BUENOS AIRES
HOMICIDIO;NO DETERMINADO;25/2/2022;15:00:00 - 17:59:59;PERSONA;FINQUERO [PERSONA];Mayor de edad;HOMBRE;COSTA RICA;PUNTARENAS;BUENOS AIRES
HOMICIDIO;NO DETERMINADO;13/6/2022;12:00:00 - 14:59:59;PERSONA;PEATON [PERSONA];Desconocido;HOMBRE;Desconocido;LIMON;TALAMANCA
HOMICIDIO;NO DETERMINADO;3/7/2022;06:00:00 - 08:59:59;PERSONA;OTRO O INDETERMINADO [PERSONA];Desconocido;HOMBRE;NICARAGUA;PUNTARENAS;BUENOS AIRES
HOMICIDIO;NO DETERMINADO;31/7/2022;15:00:00 - 17:59:59;PERSONA;PEATON [PERSONA];Mayor de edad;HOMBRE;COSTA RICA;SAN JOSE;SAN JOSÉ
HOMICIDIO;NO DETERMINADO;12/8/2022;18:00:00 - 20:59:59;PERSONA;PEATON [PERSONA];Desconocido;HOMBRE;NICARAGUA;LIMON;MATINA
HOMICIDIO;NO DETERMINADO;21/8/2022;12:00:00 - 14:59:59;PERSONA;PEATON [PERSONA];Mayor de edad;HOMBRE;COSTA RICA;SAN JOSE;SANTA ANA
HOMICIDIO;NO DETERMINADO;21/9/2022;21:00:00 - 23:59:59;PERSONA;CLIENTE LOCAL COMERCIAL [PERSONA];Mayor de edad;HOMBRE;COSTA RICA;GUANACASTE;SANTA CRUZ
HOMICIDIO;NO DETERMINADO;8/10/2022;00:00:00 - 02:59:59;PERSONA;OTRO O INDETERMINADO [PERSONA];Mayor de edad;HOMBRE;COSTA RICA;SAN JOSE;ALAJUELITA
HOMICIDIO;NO DETERMINADO;18/10/2022;15:00:00 - 17:59:59;PERSONA;OTRO O INDETERMINADO [PERSONA];Mayor de edad;HOMBRE;COSTA RICA;SAN JOSE;ESCAZÚ
HOMICIDIO;NO DETERMINADO;21/10/2022;06:00:00 - 08:59:59;PERSONA;OTRO O INDETERMINADO [PERSONA];Mayor de edad;DESCONOCIDO;Desconocido;LIMON;SIQUIRRES
HOMICIDIO;NO DETERMINADO;29/10/2022;00:00:00 - 02:59:59;PERSONA;OTRO O INDETERMINADO [PERSONA];Desconocido;DESCONOCIDO;Desconocido;ALAJUELA;SAN RAMON
HOMICIDIO;NO DETERMINADO;29/10/2022;21:00:00 - 23:59:59;PERSONA;OTRO O INDETERMINADO [PERSONA];Mayor de edad;DESCONOCIDO;Desconocido;SAN JOSE;SAN JOSÉ
HOMICIDIO;NO DETERMINADO;12/11/2022;18:00:00 - 20:59:59;PERSONA;PEATON [PERSONA];Mayor de edad;HOMBRE;NICARAGUA;PUNTARENAS;QUEPOS
HOMICIDIO;OTRO O INDETERMINADO;26/5/2022;06:00:00 - 08:59:59;PERSONA;OTRO O INDETERMINADO [PERSONA];Mayor de edad;HOMBRE;COSTA RICA;SAN JOSE;TURRUBARES
HOMICIDIO;OTRO O INDETERMINADO;27/5/2022;21:00:00 - 23:59:59;PERSONA;OTRO O INDETERMINADO [PERSONA];Mayor de edad;HOMBRE;Desconocido;SAN JOSE;GOICOECHEA
HOMICIDIO;OTRO O INDETERMINADO;27/5/2022;21:00:00 - 23:59:59;PERSONA;OTRO O INDETERMINADO [PERSONA];Mayor de edad;HOMBRE;Desconocido;SAN JOSE;GOICOECHEA
HOMICIDIO;DISCUSION/RI&#209;23/4/2022;00:00:00 - 02:59:59;PERSONA;PEATON [PERSONA];Mayor de edad;HOMBRE;COSTA RICA;LIMON;LIMÓN
HOMICIDIO;OTRO O INDETERMINADO;6/7/2022;21:00:00 - 23:59:59;PERSONA;OTRO O INDETERMINADO [PERSONA];Mayor de edad;DESCONOCIDO;COSTA RICA;SAN JOSE;ASERRÍ
HOMICIDIO;OTRO O INDETERMINADO;11/7/2022;06:00:00 - 08:59:59;PERSONA;PEATON [PERSONA];Mayor de edad;HOMBRE;COSTA RICA;SAN JOSE;SAN JOSÉ
HOMICIDIO;OTRO O INDETERMINADO;22/7/2022;00:00:00 - 02:59:59;PERSONA;PEATON [PERSONA];Mayor de edad;MUJER;COSTA RICA;SAN JOSE;CURRIDABAT
HOMICIDIO;OTRO O INDETERMINADO;16/8/2022;21:00:00 - 23:59:59;PERSONA;OTRO O INDETERMINADO [PERSONA];Mayor de edad;DESCONOCIDO;COSTA RICA;ALAJUELA;ALAJUELA
HOMICIDIO;OTRO O INDETERMINADO;12/8/2022;06:00:00 - 08:59:59;PERSONA;OTRO O INDETERMINADO [PERSONA];Mayor de edad;HOMBRE;COSTA RICA;SAN JOSE;GOICOECHEA
HOMICIDIO;OTRO O INDETERMINADO;17/9/2022;18:00:00 - 20:59:59;PERSONA;PEATON [PERSONA];Menor de edad;HOMBRE;COSTA RICA;SAN JOSE;SAN JOSÉ
HOMICIDIO;OTRO O INDETERMINADO;1/10/2022;21:00:00 - 23:59:59;PERSONA;OTRO O INDETERMINADO [PERSONA];Mayor de edad;DESCONOCIDO;Desconocido;SAN JOSE;SAN JOSÉ
HOMICIDIO;DISCUSION/RI&#209;8/5/2022;06:00:00 - 08:59:59;PERSONA;PEATON [PERSONA];Mayor de edad;HOMBRE;COSTA RICA;LIMON;LIMÓN
HOMICIDIO;OTRO O INDETERMINADO;4/10/2022;03:00:00 - 05:59:59;PERSONA;OTRO O INDETERMINADO [PERSONA];Desconocido;DESCONOCIDO;Desconocido;SAN JOSE;SAN JOSÉ
HOMICIDIO;OTRO O INDETERMINADO;8/10/2022;18:00:00 - 20:59:59;PERSONA;OTRO O INDETERMINADO [PERSONA];Mayor de edad;HOMBRE;COSTA RICA;SAN JOSE;ASERRÍ
HOMICIDIO;DISCUSION/RI&#209;16/7/2022;12:00:00 - 14:59:59;PERSONA;PEATON [PERSONA];Mayor de edad;HOMBRE;COSTA RICA;LIMON;LIMÓN
HOMICIDIO;OTRO O INDETERMINADO;13/10/2022;12:00:00 - 14:59:59;PERSONA;PEATON [PERSONA];Mayor de edad;HOMBRE;COSTA RICA;SAN JOSE;GOICOECHEA
HOMICIDIO;DISCUSION/RI&#209;13/8/2022;06:00:00 - 08:59:59;PERSONA;PEATON [PERSONA];Mayor de edad;HOMBRE;COSTA RICA;LIMON;LIMÓN
HOMICIDIO;OTRO O INDETERMINADO;15/10/2022;03:00:00 - 05:59:59;PERSONA;PEATON [PERSONA];Mayor de edad;HOMBRE;NICARAGUA;ALAJUELA;GRECIA
HOMICIDIO;OTRO O INDETERMINADO;18/10/2022;18:00:00 - 20:59:59;PERSONA;OTRO O INDETERMINADO [PERSONA];Mayor de edad;HOMBRE;COSTA RICA;LIMON;MATINA
HOMICIDIO;OTRO O INDETERMINADO;29/6/2022;18:00:00 - 20:59:59;PERSONA;PEATON [PERSONA];Mayor de edad;HOMBRE;COSTA RICA;LIMON;LIMÓN
HOMICIDIO;OTRO O INDETERMINADO;20/10/2022;12:00:00 - 14:59:59;PERSONA;OTRO O INDETERMINADO [PERSONA];Mayor de edad;HOMBRE;NICARAGUA;ALAJUELA;NARANJO
HOMICIDIO;OTRO O INDETERMINADO;21/10/2022;12:00:00 - 14:59:59;PERSONA;PEATON [PERSONA];Adulto Mayor;HOMBRE;COSTA RICA;ALAJUELA;ALAJUELA
HOMICIDIO;OTRO O INDETERMINADO;22/10/2022;00:00:00 - 02:59:59;PERSONA;PEATON [PERSONA];Mayor de edad;HOMBRE;COSTA RICA;LIMON;MATINA
HOMICIDIO;OTRO O INDETERMINADO;16/10/2022;00:00:00 - 02:59:59;PERSONA;OTRO O INDETERMINADO [PERSONA];Mayor de edad;HOMBRE;COSTA RICA;HEREDIA;SARAPIQUÍ
HOMICIDIO;OTRO O INDETERMINADO;26/10/2022;21:00:00 - 23:59:59;PERSONA;OTRO O INDETERMINADO [PERSONA];Mayor de edad;HOMBRE;COSTA RICA;CARTAGO;TURRIALBA
HOMICIDIO;OTRO O INDETERMINADO;29/10/2022;21:00:00 - 23:59:59;PERSONA;OTRO O INDETERMINADO [PERSONA];Mayor de edad;HOMBRE;VENEZUELA;SAN JOSE;SAN JOSÉ
HOMICIDIO;OTRO O INDETERMINADO;31/10/2022;00:00:00 - 02:59:59;PERSONA;PEATON [PERSONA];Desconocido;HOMBRE;COSTA RICA;CARTAGO;CARTAGO
HOMICIDIO;OTRO O INDETERMINADO;31/10/2022;06:00:00 - 08:59:59;PERSONA;OTRO O INDETERMINADO [PERSONA];Desconocido;HOMBRE;Desconocido;CARTAGO;CARTAGO
HOMICIDIO;OTRO O INDETERMINADO;13/11/2022;18:00:00 - 20:59:59;PERSONA;OTRO O INDETERMINADO [PERSONA];Desconocido;HOMBRE;Desconocido;CARTAGO;PARAISO
HOMICIDIO;OTRO O INDETERMINADO;14/11/2022;00:00:00 - 02:59:59;PERSONA;OTRO O INDETERMINADO [PERSONA];Desconocido;MUJER;Desconocido;LIMON;POCOCÍ
HOMICIDIO;OTRO O INDETERMINADO;2/10/2022;18:00:00 - 20:59:59;PERSONA;PEATON [PERSONA];Mayor de edad;HOMBRE;COSTA RICA;LIMON;LIMÓN
HOMICIDIO;OTRO O INDETERMINADO;12/10/2022;03:00:00 - 05:59:59;PERSONA;OTRO O INDETERMINADO [PERSONA];Desconocido;HOMBRE;Desconocido;LIMON;LIMÓN
HOMICIDIO;POR LA COMISION DE OTRO DELITO;9/1/2022;21:00:00 - 23:59:59;PERSONA;PEATON [PERSONA];Mayor de edad;HOMBRE;NICARAGUA;SAN JOSE;GOICOECHEA
HOMICIDIO;POR LA COMISION DE OTRO DELITO;15/1/2022;09:00:00 - 11:59:59;PERSONA;OTRO O INDETERMINADO [PERSONA];Mayor de edad;HOMBRE;Desconocido;LIMON;POCOCÍ
HOMICIDIO;POR LA COMISION DE OTRO DELITO;18/1/2022;18:00:00 - 20:59:59;PERSONA;TAXISTA [PERSONA];Adulto Mayor;HOMBRE;COSTA RICA;ALAJUELA;SAN CARLOS
HOMICIDIO;POR LA COMISION DE OTRO DELITO;25/1/2022;06:00:00 - 08:59:59;PERSONA;PEATON [PERSONA];Mayor de edad;HOMBRE;COSTA RICA;SAN JOSE;ASERRÍ
HOMICIDIO;POR LA COMISION DE OTRO DELITO;22/2/2022;09:00:00 - 11:59:59;PERSONA;EMPRESARIO/COMERCIANTE [PERSONA];Adulto Mayor;HOMBRE;COSTA RICA;LIMON;POCOCÍ
HOMICIDIO;POR LA COMISION DE OTRO DELITO;28/2/2022;21:00:00 - 23:59:59;PERSONA;PEATON [PERSONA];Mayor de edad;HOMBRE;Desconocido;ALAJUELA;SAN RAMON
HOMICIDIO;POR LA COMISION DE OTRO DELITO;7/3/2022;18:00:00 - 20:59:59;PERSONA;PEATON [PERSONA];Adulto Mayor;HOMBRE;COSTA RICA;ALAJUELA;Alfaro Ruiz
HOMICIDIO;POR LA COMISION DE OTRO DELITO;19/3/2022;21:00:00 - 23:59:59;PERSONA;PEATON [PERSONA];Mayor de edad;HOMBRE;COSTA RICA;CARTAGO;CARTAGO
HOMICIDIO;POR LA COMISION DE OTRO DELITO;6/4/2022;03:00:00 - 05:59:59;PERSONA;OTRO O INDETERMINADO [PERSONA];Mayor de edad;HOMBRE;COSTA RICA;GUANACASTE;CARRILLO
HOMICIDIO;POR LA COMISION DE OTRO DELITO;13/4/2022;09:00:00 - 11:59:59;PERSONA;OTRO O INDETERMINADO [PERSONA];Mayor de edad;HOMBRE;COSTA RICA;ALAJUELA;OROTINA
HOMICIDIO;POR LA COMISION DE OTRO DELITO;13/4/2022;18:00:00 - 20:59:59;PERSONA;EMPRESARIO/COMERCIANTE [PERSONA];Mayor de edad;DESCONOCIDO;COSTA RICA;SAN JOSE;PÉREZ ZELEDÓN
HOMICIDIO;POR LA COMISION DE OTRO DELITO;13/4/2022;18:00:00 - 20:59:59;PERSONA;OTRO O INDETERMINADO [PERSONA];Mayor de edad;HOMBRE;COSTA RICA;PUNTARENAS;PUNTARENAS
HOMICIDIO;POR LA COMISION DE OTRO DELITO;8/4/2022;00:00:00 - 02:59:59;PERSONA;TAXISTA [PERSONA];Desconocido;HOMBRE;COSTA RICA;ALAJUELA;OROTINA
HOMICIDIO;POR LA COMISION DE OTRO DELITO;5/5/2022;12:00:00 - 14:59:59;PERSONA;OTRO O INDETERMINADO [PERSONA];Mayor de edad;HOMBRE;COSTA RICA;ALAJUELA;GRECIA
HOMICIDIO;POR LA COMISION DE OTRO DELITO;7/5/2022;21:00:00 - 23:59:59;PERSONA;TAXISTA [PERSONA];Mayor de edad;HOMBRE;COSTA RICA;CARTAGO;PARAISO
HOMICIDIO;POR LA COMISION DE OTRO DELITO;10/5/2022;15:00:00 - 17:59:59;PERSONA;OTRO O INDETERMINADO [PERSONA];Mayor de edad;MUJER;ESTADOS UNIDOS;PUNTARENAS;GARABITO
HOMICIDIO;POR LA COMISION DE OTRO DELITO;12/5/2022;18:00:00 - 20:59:59;PERSONA;PEATON [PERSONA];Adulto Mayor;HOMBRE;COSTA RICA;ALAJUELA;SAN RAMON
HOMICIDIO;POR LA COMISION DE OTRO DELITO;24/5/2022;18:00:00 - 20:59:59;PERSONA;OTRO O INDETERMINADO [PERSONA];Mayor de edad;HOMBRE;NICARAGUA;PUNTARENAS;QUEPOS
HOMICIDIO;POR LA COMISION DE OTRO DELITO;24/5/2022;18:00:00 - 20:59:59;PERSONA;OTRO O INDETERMINADO [PERSONA];Desconocido;HOMBRE;NICARAGUA;CARTAGO;CARTAGO
HOMICIDIO;POR LA COMISION DE OTRO DELITO;8/6/2022;00:00:00 - 02:59:59;PERSONA;OTRO O INDETERMINADO [PERSONA];Adulto Mayor;HOMBRE;COSTA RICA;ALAJUELA;SAN RAMON
HOMICIDIO;POR LA COMISION DE OTRO DELITO;11/6/2022;06:00:00 - 08:59:59;PERSONA;OTRO O INDETERMINADO [PERSONA];Adulto Mayor;HOMBRE;COSTA RICA;GUANACASTE;SANTA CRUZ
HOMICIDIO;POR LA COMISION DE OTRO DELITO;15/6/2022;06:00:00 - 08:59:59;PERSONA;FINQUERO [PERSONA];Mayor de edad;HOMBRE;COSTA RICA;ALAJUELA;RIO CUARTO
HOMICIDIO;POR LA COMISION DE OTRO DELITO;14/6/2022;21:00:00 - 23:59:59;PERSONA;EMPRESARIO/COMERCIANTE [PERSONA];Mayor de edad;HOMBRE;Desconocido;SAN JOSE;ASERRÍ
HOMICIDIO;OTRO O INDETERMINADO;14/10/2022;09:00:00 - 11:59:59;PERSONA;OTRO O INDETERMINADO [PERSONA];Mayor de edad;HOMBRE;COSTA RICA;LIMON;LIMÓN
HOMICIDIO;POR LA COMISION DE OTRO DELITO;24/6/2022;09:00:00 - 11:59:59;PERSONA;PEATON [PERSONA];Desconocido;HOMBRE;NICARAGUA;SAN JOSE;SAN JOSÉ
HOMICIDIO;POR LA COMISION DE OTRO DELITO;2/7/2022;00:00:00 - 02:59:59;PERSONA;OTRO O INDETERMINADO [PERSONA];Mayor de edad;HOMBRE;COSTA RICA;SAN JOSE;SAN JOSÉ
HOMICIDIO;POR LA COMISION DE OTRO DELITO;26/7/2022;06:00:00 - 08:59:59;PERSONA;OTRO O INDETERMINADO [PERSONA];Mayor de edad;HOMBRE;COSTA RICA;ALAJUELA;SAN RAMON
HOMICIDIO;POR LA COMISION DE OTRO DELITO;28/7/2022;06:00:00 - 08:59:59;PERSONA;OTRO O INDETERMINADO [PERSONA];Mayor de edad;MUJER;COSTA RICA;GUANACASTE;NICOYA
HOMICIDIO;POR LA COMISION DE OTRO DELITO;2/8/2022;06:00:00 - 08:59:59;PERSONA;TAXISTA [PERSONA];Mayor de edad;HOMBRE;COSTA RICA;PUNTARENAS;COTO BRUS
HOMICIDIO;POR LA COMISION DE OTRO DELITO;3/8/2022;06:00:00 - 08:59:59;PERSONA;GUARDA [PERSONA];Mayor de edad;HOMBRE;COSTA RICA;ALAJUELA;SAN RAMON
HOMICIDIO;POR LA COMISION DE OTRO DELITO;5/8/2022;15:00:00 - 17:59:59;PERSONA;OTRO O INDETERMINADO [PERSONA];Mayor de edad;HOMBRE;COSTA RICA;HEREDIA;SARAPIQUÍ
HOMICIDIO;POR LA COMISION DE OTRO DELITO;6/8/2022;18:00:00 - 20:59:59;PERSONA;OTRO O INDETERMINADO [PERSONA];Mayor de edad;HOMBRE;COSTA RICA;ALAJUELA;SAN RAMON
HOMICIDIO;POR LA COMISION DE OTRO DELITO;13/8/2022;00:00:00 - 02:59:59;PERSONA;GUARDA [PERSONA];Mayor de edad;DESCONOCIDO;COSTA RICA;LIMON;SIQUIRRES
HOMICIDIO;POR LA COMISION DE OTRO DELITO;17/9/2022;21:00:00 - 23:59:59;PERSONA;OTRO O INDETERMINADO [PERSONA];Desconocido;HOMBRE;NICARAGUA;LIMON;POCOCÍ
HOMICIDIO;POR LA COMISION DE OTRO DELITO;23/9/2022;06:00:00 - 08:59:59;PERSONA;PEATON [PERSONA];Mayor de edad;MUJER;COSTA RICA;PUNTARENAS;GOLFITO
HOMICIDIO;POR LA COMISION DE OTRO DELITO;27/9/2022;15:00:00 - 17:59:59;PERSONA;OTRO O INDETERMINADO [PERSONA];Mayor de edad;HOMBRE;COSTA RICA;ALAJUELA;GRECIA
HOMICIDIO;POR LA COMISION DE OTRO DELITO;13/3/2022;21:00:00 - 23:59:59;PERSONA;OTRO O INDETERMINADO [PERSONA];Mayor de edad;HOMBRE;COSTA RICA;SAN JOSE;SAN JOSÉ
HOMICIDIO;POR LA COMISION DE OTRO DELITO;9/10/2022;18:00:00 - 20:59:59;PERSONA;OTRO O INDETERMINADO [PERSONA];Mayor de edad;HOMBRE;COSTA RICA;LIMON;MATINA
HOMICIDIO;POR LA COMISION DE OTRO DELITO;13/10/2022;18:00:00 - 20:59:59;PERSONA;GUARDA [PERSONA];Mayor de edad;HOMBRE;COSTA RICA;LIMON;POCOCÍ
HOMICIDIO;POR LA COMISION DE OTRO DELITO;14/10/2022;06:00:00 - 08:59:59;PERSONA;EMPRESARIO/COMERCIANTE [PERSONA];Mayor de edad;HOMBRE;ARGENTINA;PUNTARENAS;QUEPOS
HOMICIDIO;POR LA COMISION DE OTRO DELITO;19/10/2022;18:00:00 - 20:59:59;PERSONA;OTRO O INDETERMINADO [PERSONA];Mayor de edad;DESCONOCIDO;COSTA RICA;HEREDIA;SANTO DOMINGO
HOMICIDIO;POR LA COMISION DE OTRO DELITO;29/10/2022;21:00:00 - 23:59:59;PERSONA;OTRO O INDETERMINADO [PERSONA];Mayor de edad;HOMBRE;COSTA RICA;SAN JOSE;SAN JOSÉ
HOMICIDIO;POR LA COMISION DE OTRO DELITO;9/10/2022;06:00:00 - 08:59:59;PERSONA;USUARIO SERVICIO PUBLICO/PRIVADO [PERSONA];Mayor de edad;HOMBRE;NICARAGUA;SAN JOSE;PÉREZ ZELEDÓN
HOMICIDIO;PROFESIONAL;6/1/2022;03:00:00 - 05:59:59;PERSONA;PEATON [PERSONA];Menor de edad;HOMBRE;COSTA RICA;PUNTARENAS;ESPARZA
HOMICIDIO;PROFESIONAL;8/4/2022;00:00:00 - 02:59:59;PERSONA;OTRO O INDETERMINADO [PERSONA];Mayor de edad;HOMBRE;COLOMBIA;PUNTARENAS;ESPARZA
HOMICIDIO;PROFESIONAL;12/5/2022;03:00:00 - 05:59:59;PERSONA;OTRO O INDETERMINADO [PERSONA];Mayor de edad;MUJER;COSTA RICA;PUNTARENAS;MONTES DE ORO
HOMICIDIO;PROFESIONAL;15/9/2022;15:00:00 - 17:59:59;PERSONA;CLIENTE LOCAL COMERCIAL [PERSONA];Mayor de edad;MUJER;COSTA RICA;PUNTARENAS;PUNTARENAS
HOMICIDIO;REPELIENDO ACTIVIDAD CRIMINAL;19/1/2022;12:00:00 - 14:59:59;PERSONA;OTRO O INDETERMINADO [PERSONA];Mayor de edad;HOMBRE;COSTA RICA;GUANACASTE;CARRILLO
HOMICIDIO;REPELIENDO ACTIVIDAD CRIMINAL;19/1/2022;09:00:00 - 11:59:59;PERSONA;OTRO O INDETERMINADO [PERSONA];Mayor de edad;HOMBRE;COSTA RICA;SAN JOSE;SAN JOSÉ
HOMICIDIO;OTRO O INDETERMINADO;20/11/2022;00:00:00 - 02:59:59;PERSONA;OTRO O INDETERMINADO [PERSONA];Mayor de edad;HOMBRE;COSTA RICA;LIMON;LIMÓN
HOMICIDIO;REPELIENDO ACTIVIDAD CRIMINAL;27/2/2022;00:00:00 - 02:59:59;PERSONA;PEATON [PERSONA];Mayor de edad;DESCONOCIDO;Desconocido;SAN JOSE;SAN JOSÉ
HOMICIDIO;REPELIENDO ACTIVIDAD CRIMINAL;27/2/2022;15:00:00 - 17:59:59;PERSONA;OTRO O INDETERMINADO [PERSONA];Mayor de edad;HOMBRE;COSTA RICA;LIMON;POCOCÍ
HOMICIDIO;REPELIENDO ACTIVIDAD CRIMINAL;5/3/2022;15:00:00 - 17:59:59;PERSONA;OTRO O INDETERMINADO [PERSONA];Mayor de edad;DESCONOCIDO;Desconocido;SAN JOSE;SAN JOSÉ
HOMICIDIO;REPELIENDO ACTIVIDAD CRIMINAL;26/3/2022;21:00:00 - 23:59:59;PERSONA;PEATON [PERSONA];Mayor de edad;HOMBRE;COSTA RICA;SAN JOSE;GOICOECHEA
HOMICIDIO;REPELIENDO ACTIVIDAD CRIMINAL;17/4/2022;21:00:00 - 23:59:59;PERSONA;OTRO O INDETERMINADO [PERSONA];Mayor de edad;HOMBRE;COSTA RICA;HEREDIA;SAN RAFAEL
HOMICIDIO;REPELIENDO ACTIVIDAD CRIMINAL;21/4/2022;12:00:00 - 14:59:59;PERSONA;OTRO O INDETERMINADO [PERSONA];Desconocido;HOMBRE;NICARAGUA;ALAJUELA;SAN RAMON
HOMICIDIO;REPELIENDO ACTIVIDAD CRIMINAL;13/5/2022;09:00:00 - 11:59:59;PERSONA;PEATON [PERSONA];Desconocido;MUJER;Desconocido;PUNTARENAS;ESPARZA
HOMICIDIO;REPELIENDO ACTIVIDAD CRIMINAL;4/6/2022;18:00:00 - 20:59:59;PERSONA;OTRO O INDETERMINADO [PERSONA];Mayor de edad;HOMBRE;COSTA RICA;SAN JOSE;ALAJUELITA
HOMICIDIO;REPELIENDO ACTIVIDAD CRIMINAL;12/6/2022;00:00:00 - 02:59:59;PERSONA;OTRO O INDETERMINADO [PERSONA];Mayor de edad;HOMBRE;COSTA RICA;SAN JOSE;SAN JOSÉ
HOMICIDIO;REPELIENDO ACTIVIDAD CRIMINAL;20/6/2022;00:00:00 - 02:59:59;PERSONA;OTRO O INDETERMINADO [PERSONA];Mayor de edad;DESCONOCIDO;COSTA RICA;SAN JOSE;MONTES DE OCA
HOMICIDIO;REPELIENDO ACTIVIDAD CRIMINAL;13/8/2022;15:00:00 - 17:59:59;PERSONA;OTRO O INDETERMINADO [PERSONA];Mayor de edad;HOMBRE;COSTA RICA;SAN JOSE;SAN JOSÉ
HOMICIDIO;REPELIENDO ACTIVIDAD CRIMINAL;13/8/2022;15:00:00 - 17:59:59;PERSONA;OTRO O INDETERMINADO [PERSONA];Mayor de edad;HOMBRE;COSTA RICA;SAN JOSE;SAN JOSÉ
HOMICIDIO;REPELIENDO ACTIVIDAD CRIMINAL;29/8/2022;12:00:00 - 14:59:59;PERSONA;PEATON [PERSONA];Mayor de edad;HOMBRE;COSTA RICA;PUNTARENAS;GOLFITO
HOMICIDIO;REPELIENDO ACTIVIDAD CRIMINAL;7/10/2022;21:00:00 - 23:59:59;PERSONA;OTRO O INDETERMINADO [PERSONA];Mayor de edad;HOMBRE;COSTA RICA;ALAJUELA;ALAJUELA
HOMICIDIO;REPELIENDO ACTIVIDAD CRIMINAL;7/10/2022;21:00:00 - 23:59:59;PERSONA;OTRO O INDETERMINADO [PERSONA];Desconocido;HOMBRE;Desconocido;ALAJUELA;ALAJUELA
HOMICIDIO;VIOLENCIA DOMESTICA;9/1/2022;12:00:00 - 14:59:59;PERSONA;MENOR DE EDAD [PERSONA];Menor de edad;DESCONOCIDO;COSTA RICA;CARTAGO;EL GUARCO
HOMICIDIO;VIOLENCIA DOMESTICA;17/1/2022;09:00:00 - 11:59:59;PERSONA;OTRO O INDETERMINADO [PERSONA];Adulto Mayor;MUJER;COSTA RICA;HEREDIA;SAN ISIDRO
HOMICIDIO;VIOLENCIA DOMESTICA;9/4/2022;18:00:00 - 20:59:59;PERSONA;OTRO O INDETERMINADO [PERSONA];Mayor de edad;DESCONOCIDO;COSTA RICA;ALAJUELA;SAN RAMON
HOMICIDIO;POR LA COMISION DE OTRO DELITO;19/6/2022;06:00:00 - 08:59:59;PERSONA;PEATON [PERSONA];Mayor de edad;HOMBRE;COSTA RICA;LIMON;LIMÓN
HOMICIDIO;VIOLENCIA DOMESTICA;1/6/2022;06:00:00 - 08:59:59;PERSONA;OTRO O INDETERMINADO [PERSONA];Mayor de edad;DESCONOCIDO;COSTA RICA;CARTAGO;JIMÉNEZ
HOMICIDIO;VIOLENCIA DOMESTICA;12/6/2022;15:00:00 - 17:59:59;PERSONA;CLIENTE LOCAL COMERCIAL [PERSONA];Mayor de edad;MUJER;COSTA RICA;GUANACASTE;TILARÁN
HOMICIDIO;VIOLENCIA DOMESTICA;18/6/2022;00:00:00 - 02:59:59;PERSONA;MENOR DE EDAD [PERSONA];Desconocido;DESCONOCIDO;Desconocido;ALAJUELA;ALAJUELA
HOMICIDIO;VIOLENCIA DOMESTICA;25/6/2022;18:00:00 - 20:59:59;PERSONA;OTRO O INDETERMINADO [PERSONA];Mayor de edad;HOMBRE;COSTA RICA;SAN JOSE;SANTA ANA
HOMICIDIO;VIOLENCIA DOMESTICA;14/8/2022;15:00:00 - 17:59:59;PERSONA;OTRO O INDETERMINADO [PERSONA];Mayor de edad;HOMBRE;REINO UNIDO;ALAJUELA;ALAJUELA
HOMICIDIO;VIOLENCIA DOMESTICA;23/8/2022;00:00:00 - 02:59:59;PERSONA;PEATON [PERSONA];Mayor de edad;MUJER;COSTA RICA;LIMON;LIMÓN
HOMICIDIO;VIOLENCIA DOMESTICA;10/9/2022;09:00:00 - 11:59:59;PERSONA;OTRO O INDETERMINADO [PERSONA];Mayor de edad;DESCONOCIDO;COSTA RICA;ALAJUELA;ALAJUELA
HOMICIDIO;VIOLENCIA DOMESTICA;30/10/2022;18:00:00 - 20:59:59;PERSONA;OTRO O INDETERMINADO [PERSONA];Mayor de edad;DESCONOCIDO;NICARAGUA;SAN JOSE;SAN JOSÉ
